"ID","Source File","Section / Heading","Extracted Text","Issue Type","Severity","Recommended Treatment","Known Decision / Recommended Answer","Question for Alex / Committee","Proposed Codex Action After Answer","Status"
"DEC-001","01_drafting/application-form/draft/EDrill_Family_Bursary_Applicant_Declaration_and_Consent_DRAFT.md","The EDrill Family Bursary - Applicant Declaration and Consent","Important: this form reflects the Phase 1 Chairman/Committee-approved internal compliance position; no external legal advice obtained.","Warning / Control Text","Administrative","Keep as warning/control","Appeals go to the Chairman of the Committee.","","Leave unchanged unless final policy tone requires shortening.","Keep"
"DEC-002","01_drafting/application-form/draft/EDrill_Family_Bursary_Applicant_Declaration_and_Consent_DRAFT.md","3. Understanding of Bursary Conditions","- payment is subject to continued eligibility, evidence, and Finance approval;","Approval Evidence Needed","Administrative","Convert to approval evidence item","","What evidence, approver, and completion date should be recorded for this item?","Record completion evidence or keep as launch gate.","Needs Finance/Admin Evidence"
"DEC-003","01_drafting/application-form/draft/EDrill_Family_Bursary_Applicant_Declaration_and_Consent_DRAFT.md","3. Understanding of Bursary Conditions","- the Company may amend, suspend, or discontinue the Bursary subject to applicable law and approval requirements.","Approval Evidence Needed","Administrative","Convert to approval evidence item","","What evidence, approver, and completion date should be recorded for this item?","Record completion evidence or keep as launch gate.","Needs Committee Approval"
"DEC-004","01_drafting/application-form/draft/EDrill_Family_Bursary_Applicant_Declaration_and_Consent_DRAFT.md","4. Consent to Collection and Use of Data","Subject to the approved privacy notice, I consent to the collection and use of my personal data and my child's personal data for the purpose of administering The EDrill Family Bursary, including:","Approval Evidence Needed","Administrative","Convert to approval evidence item","","What evidence, approver, and completion date should be recorded for this item?","Record completion evidence or keep as launch gate.","Needs Committee Approval"
"DEC-005","01_drafting/application-form/draft/EDrill_Family_Bursary_Applicant_Declaration_and_Consent_DRAFT.md","4. Consent to Collection and Use of Data","- labour-hire agency verification, if applicable;","Wording Choice","Minor","Decide","","Which wording or option should be retained in the final issue version?","Remove alternatives and retain the selected wording.","Needs Alex Decision"
"DEC-006","01_drafting/application-form/draft/EDrill_Family_Bursary_Applicant_Declaration_and_Consent_DRAFT.md","5. Consent to Verification","Subject to applicable law and approved privacy wording, I authorise HR, Finance, Operations, Committee members, and other authorised personnel to verify information relevant to my application with:","Approval Evidence Needed","Administrative","Convert to approval evidence item","","What evidence, approver, and completion date should be recorded for this item?","Record completion evidence or keep as launch gate.","Needs Finance/Admin Evidence"
"DEC-007","01_drafting/application-form/draft/EDrill_Family_Bursary_Applicant_Declaration_and_Consent_DRAFT.md","5. Consent to Verification","- relevant labour-hire agency or contractor representatives, if applicable.","Wording Choice","Minor","Decide","","Which wording or option should be retained in the final issue version?","Remove alternatives and retain the selected wording.","Needs Alex Decision"
"DEC-008","01_drafting/application-form/draft/EDrill_Family_Bursary_Applicant_Declaration_and_Consent_DRAFT.md","6. Consent to Limited Internal Sharing","Finance/HR receives raw applications. Finance verifies salary eligibility internally. Where practicable, Committee review should use anonymised or minimised information, such as application reference numbers and salary bands, rather than unnecessary detailed personal data.","Decision Needed","Minor","Decide","","Should this advisory or decision-like wording remain in the final issue version?","Update affected document after Alex/Committee answer.","Needs Alex Decision"
"DEC-009","01_drafting/application-form/draft/EDrill_Family_Bursary_Application_Form_DRAFT.md","The EDrill Family Bursary - Application Form","Important: this form must not be issued until the privacy notice, consent wording, payment route, and eligibility rules are approved.","Warning / Control Text","Administrative","Keep as warning/control","","","Leave unchanged unless final policy tone requires shortening.","Keep"
"DEC-010","01_drafting/application-form/draft/EDrill_Family_Bursary_Application_Form_DRAFT.md","The EDrill Family Bursary - Application Form","A family may apply for multiple eligible children. A separate application should be completed for each child. Each child/application is means-tested and assessed separately under the approved criteria and the annual award cap.","Already Decided / Needs Propagation","Minor","No action","Families may apply for multiple children; each child/application is means-tested separately under the annual cap.","","Leave unchanged if wording already reflects known decision.","Already Answered"
"DEC-011","01_drafting/application-form/draft/EDrill_Family_Bursary_Application_Form_DRAFT.md","2. Applicant Details","| Current assignment, if applicable | |","Wording Choice","Minor","Decide","","Which wording or option should be retained in the final issue version?","Remove alternatives and retain the selected wording.","Needs Alex Decision"
"DEC-012","01_drafting/application-form/draft/EDrill_Family_Bursary_Application_Form_DRAFT.md","6. Requested Support","| Employee bank details provided, if applicable | Yes / No / Not applicable |","Wording Choice","Minor","Decide","","Which wording or option should be retained in the final issue version?","Remove alternatives and retain the selected wording.","Needs Alex Decision"
"DEC-013","01_drafting/application-form/draft/EDrill_Family_Bursary_Application_Form_DRAFT.md","6. Requested Support","| Labour-hire agency payment details provided, if applicable | Yes / No / Not applicable |","Wording Choice","Minor","Decide","","Which wording or option should be retained in the final issue version?","Remove alternatives and retain the selected wording.","Needs Alex Decision"
"DEC-014","01_drafting/application-form/draft/EDrill_Family_Bursary_Application_Form_DRAFT.md","8. Dependants and Hardship Information","| Brief description, if applicable | |","Wording Choice","Minor","Decide","","Which wording or option should be retained in the final issue version?","Remove alternatives and retain the selected wording.","Needs Alex Decision"
"DEC-015","01_drafting/application-form/draft/EDrill_Family_Bursary_Application_Form_DRAFT.md","8. Dependants and Hardship Information","Do not provide detailed medical, financial, or sensitive personal records unless HR has specifically requested them and the privacy notice allows this.","Warning / Control Text","Administrative","Keep as warning/control","","","Leave unchanged unless final policy tone requires shortening.","Keep"
"DEC-016","01_drafting/application-form/draft/EDrill_Family_Bursary_Application_Form_DRAFT.md","10. Documents Attached","- [ ] Labour-hire agency employment / assignment verification, if applicable","Wording Choice","Minor","Decide","","Which wording or option should be retained in the final issue version?","Remove alternatives and retain the selected wording.","Needs Alex Decision"
"DEC-017","01_drafting/application-form/draft/EDrill_Family_Bursary_Application_Form_DRAFT.md","10. Documents Attached","Finance verifies salary eligibility internally. Do not attach a payslip unless Finance later requires it as an exception.","Warning / Control Text","Administrative","Keep as warning/control","EDrill employee payments go through normal payroll into the employee bank account as a payslip line item.","","Leave unchanged unless final policy tone requires shortening.","Keep"
"DEC-018","01_drafting/application-form/draft/EDrill_Family_Bursary_Application_Form_DRAFT.md","11. Applicant Declaration","I understand that the Bursary is discretionary, limited, subject to eligibility and available places, and not automatically renewed.","Approval Evidence Needed","Administrative","Convert to approval evidence item","","What evidence, approver, and completion date should be recorded for this item?","Record completion evidence or keep as launch gate.","Needs Committee Approval"
"DEC-019","01_drafting/application-form/draft/EDrill_Family_Bursary_Evidence_Checklist_DRAFT.md","The EDrill Family Bursary - Evidence Checklist","Important: final evidence requirements follow the Decision Log and must be administered by HR, Finance, Payroll, and the Committee before use.","Warning / Control Text","Administrative","Keep as warning/control","EDrill employee payments go through normal payroll into the employee bank account as a payslip line item.","","Leave unchanged unless final policy tone requires shortening.","Keep"
"DEC-020","01_drafting/application-form/draft/EDrill_Family_Bursary_Evidence_Checklist_DRAFT.md","3. Labour-Hire Agency Evidence, If Applicable","| Labour-hire agency employment verified | If applicable | | labour-hire agency / Operations | |","Wording Choice","Minor","Decide","","Which wording or option should be retained in the final issue version?","Remove alternatives and retain the selected wording.","Needs Alex Decision"
"DEC-021","01_drafting/application-form/draft/EDrill_Family_Bursary_Evidence_Checklist_DRAFT.md","3. Labour-Hire Agency Evidence, If Applicable","| Assignment to EDrill rig verified | If applicable | | Operations | |","Wording Choice","Minor","Decide","","Which wording or option should be retained in the final issue version?","Remove alternatives and retain the selected wording.","Needs Alex Decision"
"DEC-022","01_drafting/application-form/draft/EDrill_Family_Bursary_Evidence_Checklist_DRAFT.md","3. Labour-Hire Agency Evidence, If Applicable","| Continuous work since 1 Jan 2025 verified | If applicable | | Operations / labour-hire agency | |","Wording Choice","Minor","Decide","","Which wording or option should be retained in the final issue version?","Remove alternatives and retain the selected wording.","Needs Alex Decision"
"DEC-023","01_drafting/application-form/draft/EDrill_Family_Bursary_Evidence_Checklist_DRAFT.md","6. Payment Evidence","Finance verifies salary eligibility internally. Applicants should not be required to submit a payslip unless Finance later requires it as an exception.","Warning / Control Text","Administrative","Keep as warning/control","EDrill employee payments go through normal payroll into the employee bank account as a payslip line item.","","Leave unchanged unless final policy tone requires shortening.","Keep"
"DEC-024","01_drafting/committee-terms-of-reference/draft/EDrill_Family_Bursary_Committee_Review_Sheet_DRAFT.md","The EDrill Family Bursary - Committee Review Sheet","Use: For committee review and award recommendation.","Decision Needed","Minor","Decide","","Should this advisory or decision-like wording remain in the final issue version?","Update affected document after Alex/Committee answer.","Needs Alex Decision"
"DEC-025","01_drafting/committee-terms-of-reference/draft/EDrill_Family_Bursary_Committee_Review_Sheet_DRAFT.md","The EDrill Family Bursary - Committee Review Sheet","Important: the final scoring method must be approved before use.","Warning / Control Text","Administrative","Keep as warning/control","","","Leave unchanged unless final policy tone requires shortening.","Keep"
"DEC-026","01_drafting/committee-terms-of-reference/draft/EDrill_Family_Bursary_Committee_Review_Sheet_DRAFT.md","3. Eligibility Screening Result","| labour-hire agency checks complete, if applicable | Pass / Fail / N/A | |","Wording Choice","Minor","Decide","","Which wording or option should be retained in the final issue version?","Remove alternatives and retain the selected wording.","Needs Alex Decision"
"DEC-027","01_drafting/committee-terms-of-reference/draft/EDrill_Family_Bursary_Committee_Review_Sheet_DRAFT.md","5. Tie-Breaker Review, If Required","| Committee Chair decision with reasons | |","Decision Needed","Minor","Decide","","Should this advisory or decision-like wording remain in the final issue version?","Update affected document after Alex/Committee answer.","Needs Alex Decision"
"DEC-028","01_drafting/committee-terms-of-reference/draft/EDrill_Family_Bursary_Committee_Review_Sheet_DRAFT.md","6. Committee Recommendation","| Recommendation | Tick / notes |","Decision Needed","Minor","Decide","","Should this advisory or decision-like wording remain in the final issue version?","Update affected document after Alex/Committee answer.","Needs Alex Decision"
"DEC-029","01_drafting/committee-terms-of-reference/draft/EDrill_Family_Bursary_Committee_Review_Sheet_DRAFT.md","6. Committee Recommendation","| Recommend award | |","Decision Needed","Minor","Decide","","Should this advisory or decision-like wording remain in the final issue version?","Update affected document after Alex/Committee answer.","Needs Alex Decision"
"DEC-030","01_drafting/committee-terms-of-reference/draft/EDrill_Family_Bursary_Committee_Review_Sheet_DRAFT.md","6. Committee Recommendation","| Recommend award with conditions | |","Decision Needed","Minor","Decide","","Should this advisory or decision-like wording remain in the final issue version?","Update affected document after Alex/Committee answer.","Needs Alex Decision"
"DEC-031","01_drafting/committee-terms-of-reference/draft/EDrill_Family_Bursary_Committee_Review_Sheet_DRAFT.md","6. Committee Recommendation","| Do not recommend award | |","Warning / Control Text","Administrative","Keep as warning/control","","","Leave unchanged unless final policy tone requires shortening.","Keep"
"DEC-032","01_drafting/committee-terms-of-reference/draft/EDrill_Family_Bursary_Committee_Review_Sheet_DRAFT.md","7. Recommended Award Details","| Recommended award amount | THB |","Decision Needed","Minor","Decide","","Should this advisory or decision-like wording remain in the final issue version?","Update affected document after Alex/Committee answer.","Needs Alex Decision"
"DEC-033","01_drafting/committee-terms-of-reference/draft/EDrill_Family_Bursary_Committee_Review_Sheet_DRAFT.md","7. Recommended Award Details","| Recommended payment route | EDrill employee payroll-session bank payment / labour-hire agency onward payment / approved exception |","Already Decided / Needs Propagation","Minor","No action","EDrill employee payments go through normal payroll into the employee bank account as a payslip line item.","","Leave unchanged if wording already reflects known decision.","Already Answered"
"DEC-034","01_drafting/committee-terms-of-reference/draft/EDrill_Family_Bursary_Committee_Review_Sheet_DRAFT.md","8. Reasons","Record concise reasons for the decision or recommendation.","Decision Needed","Minor","Decide","","Should this advisory or decision-like wording remain in the final issue version?","Update affected document after Alex/Committee answer.","Needs Alex Decision"
"DEC-035","01_drafting/committee-terms-of-reference/draft/EDrill_Family_Bursary_Committee_Review_Sheet_DRAFT.md","9. Approval / Escalation","| Final decision | Approved / declined / deferred |","Wording Choice","Minor","Decide","","Which wording or option should be retained in the final issue version?","Remove alternatives and retain the selected wording.","Needs Alex Decision"
"DEC-036","01_drafting/committee-terms-of-reference/draft/EDrill_Family_Bursary_Committee_Review_Sheet_DRAFT.md","9. Approval / Escalation","| Final decision date | |","Decision Needed","Minor","Decide","","Should this advisory or decision-like wording remain in the final issue version?","Update affected document after Alex/Committee answer.","Needs Alex Decision"
"DEC-037","01_drafting/committee-terms-of-reference/draft/EDrill_Family_Bursary_Conflict_of_Interest_Declaration_DRAFT.md","6. HR / Chair Review","| Reviewer | Decision / action confirmed | Date |","Decision Needed","Minor","Decide","","Should this advisory or decision-like wording remain in the final issue version?","Update affected document after Alex/Committee answer.","Needs Alex Decision"
"DEC-038","01_drafting/committee-terms-of-reference/README.md","Committee Terms of Reference","This folder contains the committee terms of reference, including role definitions, decision rights, meeting expectations, and governance boundaries.","Decision Needed","Minor","Decide","","Should this advisory or decision-like wording remain in the final issue version?","Update affected document after Alex/Committee answer.","Needs Alex Decision"
"DEC-039","01_drafting/decisions/EDrill_Family_Bursary_Decision_Log.md","The EDrill Family Bursary - Decision Log","Working status: live decision register","Decision Needed","Minor","Decide","","Should this advisory or decision-like wording remain in the final issue version?","Update affected document after Alex/Committee answer.","Needs Alex Decision"
"DEC-040","01_drafting/decisions/EDrill_Family_Bursary_Decision_Log.md","The EDrill Family Bursary - Decision Log","Rule: no item should be treated as approved unless the decision, owner, date, and evidence/source are recorded.","Warning / Control Text","Administrative","Keep as warning/control","","","Leave unchanged unless final policy tone requires shortening.","Keep"
"DEC-041","01_drafting/decisions/EDrill_Family_Bursary_Decision_Log.md","1. Decision Status Key","- Approved: decision confirmed by accountable owner.","Decision Needed","Minor","Decide","","Should this advisory or decision-like wording remain in the final issue version?","Update affected document after Alex/Committee answer.","Needs Alex Decision"
"DEC-042","01_drafting/decisions/EDrill_Family_Bursary_Decision_Log.md","1. Decision Status Key","- Provisional: working assumption allowed for drafting, but not for launch.","Decision Needed","Minor","Decide","","Should this advisory or decision-like wording remain in the final issue version?","Update affected document after Alex/Committee answer.","Needs Alex Decision"
"DEC-043","01_drafting/decisions/EDrill_Family_Bursary_Decision_Log.md","1. Decision Status Key","- Open: decision not yet made.","Approval Evidence Needed","Administrative","Convert to approval evidence item","","What evidence, approver, and completion date should be recorded for this item?","Record completion evidence or keep as launch gate.","Needs Committee Approval"
"DEC-044","01_drafting/decisions/EDrill_Family_Bursary_Decision_Log.md","1. Decision Status Key","- Blocked: decision cannot be made until another action is completed.","Decision Needed","Minor","Decide","","Should this advisory or decision-like wording remain in the final issue version?","Update affected document after Alex/Committee answer.","Needs Alex Decision"
"DEC-045","01_drafting/decisions/EDrill_Family_Bursary_Decision_Log.md","1. Decision Status Key","- Superseded: earlier decision replaced by a later approved decision.","Decision Needed","Minor","Decide","","Should this advisory or decision-like wording remain in the final issue version?","Update affected document after Alex/Committee answer.","Needs Alex Decision"
"DEC-046","01_drafting/decisions/EDrill_Family_Bursary_Decision_Log.md","2. Approval Rules","- Conflict-of-interest and confidentiality declarations before Committee review or decision activity.","Warning / Control Text","Administrative","Keep as warning/control","","","Leave unchanged unless final policy tone requires shortening.","Keep"
"DEC-047","01_drafting/decisions/EDrill_Family_Bursary_Decision_Log.md","2. Approval Rules","Drafting may proceed using the approved Phase 1 internal positions, but documents must not be moved to approved folders or treated as operational until the Launch Approval Checklist records all required Phase 1 approvals.","Warning / Control Text","Administrative","Keep as warning/control","","","Leave unchanged unless final policy tone requires shortening.","Keep"
"DEC-048","01_drafting/decisions/EDrill_Family_Bursary_Decision_Log.md","3. Executive Decisions","| ID | Decision area | Current recommended position | Status | Accountable owner | Decision / final wording | Evidence/source | Date |","Decision Needed","Minor","Decide","","Should this advisory or decision-like wording remain in the final issue version?","Update affected document after Alex/Committee answer.","Needs Alex Decision"
"DEC-049","01_drafting/decisions/EDrill_Family_Bursary_Decision_Log.md","3. Executive Decisions","| EX-01 | Scheme name | The EDrill Family Bursary | Provisional | Executive Sponsor | | Email chain / pending approval | |","Decision Needed","Minor","Decide","","Should this advisory or decision-like wording remain in the final issue version?","Update affected document after Alex/Committee answer.","Needs Alex Decision"
"DEC-050","01_drafting/decisions/EDrill_Family_Bursary_Decision_Log.md","3. Executive Decisions","| EX-02 | Scheme type | Internal company-funded discretionary education bursary | Approved | Executive Sponsor / Committee | Approved internally for Phase 1 operation, subject to the approved controls in this document | Management decision 2026-06-11 | 2026-06-11 |","Approval Evidence Needed","Administrative","Convert to approval evidence item","","What evidence, approver, and completion date should be recorded for this item?","Record completion evidence or keep as launch gate.","Needs Committee Approval"
"DEC-051","01_drafting/decisions/EDrill_Family_Bursary_Decision_Log.md","3. Executive Decisions","| EX-03 | Legal/funding entity | Energy Drilling Management Pte. Ltd. (EDMPL) | Approved | Finance / Executive Sponsor / Committee | EDMPL is the confirmed Phase 1 funding entity. Cost centre / GL code is a Finance administrative processing detail and is not a policy blocker. | Management decision 2026-06-11 | 2026-06-11 |","Already Decided / Needs Propagation","Minor","No action","Funding entity is Energy Drilling Management Pte. Ltd. / EDMPL.","","Leave unchanged if wording already reflects known decision.","Already Answered"
"DEC-052","01_drafting/decisions/EDrill_Family_Bursary_Decision_Log.md","3. Executive Decisions","| EX-04 | Launch date | 1 October 2026 | Provisional | Executive Sponsor | | Email chain | |","Decision Needed","Minor","Decide","","Should this advisory or decision-like wording remain in the final issue version?","Update affected document after Alex/Committee answer.","Needs Alex Decision"
"DEC-053","01_drafting/decisions/EDrill_Family_Bursary_Decision_Log.md","3. Executive Decisions","| EX-05 | Launch geography | Thailand only | Provisional | Executive Sponsor | | Email chain | |","Already Decided / Needs Propagation","Minor","No action","Phase 1 is Thailand-only; future expansion is later review only.","","Leave unchanged if wording already reflects known decision.","Already Answered"
"DEC-054","01_drafting/decisions/EDrill_Family_Bursary_Decision_Log.md","3. Executive Decisions","| EX-06 | Myanmar extension | Excluded for launch; review later | Provisional | Executive Sponsor | | Email chain | |","Already Decided / Needs Propagation","Minor","No action","Phase 1 is Thailand-only; future expansion is later review only.","","Leave unchanged if wording already reflects known decision.","Already Answered"
"DEC-055","01_drafting/decisions/EDrill_Family_Bursary_Decision_Log.md","3. Executive Decisions","| EX-07 | Maximum awards | Up to 6 bursaries per award year | Provisional | Executive Sponsor | | Email chain | |","Decision Needed","Minor","Decide","","Should this advisory or decision-like wording remain in the final issue version?","Update affected document after Alex/Committee answer.","Needs Alex Decision"
"DEC-056","01_drafting/decisions/EDrill_Family_Bursary_Decision_Log.md","3. Executive Decisions","| EX-08 | Public communication | LinkedIn and corporate website post effective 1 October 2026, after final Chairman/Committee/Communications pre-publication check and no fundraising wording | Provisional | Executive Sponsor / HR / Communications / Committee | Final communications approval remains a pre-publication check | Management decision 2026-06-11 | ...","Approval Evidence Needed","Administrative","Convert to approval evidence item","No ROS activation and no fundraising in Phase 1.","What evidence, approver, and completion date should be recorded for this item?","Record completion evidence or keep as launch gate.","Needs Committee Approval"
"DEC-057","01_drafting/decisions/EDrill_Family_Bursary_Decision_Log.md","4. Eligibility Decisions","| ID | Decision area | Current recommended position | Status | Accountable owner | Decision / final wording | Evidence/source | Date |","Decision Needed","Minor","Decide","","Should this advisory or decision-like wording remain in the final issue version?","Update affected document after Alex/Committee answer.","Needs Alex Decision"
"DEC-058","01_drafting/decisions/EDrill_Family_Bursary_Decision_Log.md","4. Eligibility Decisions","| EL-01 | Eligible EDrill employees | Thailand operations employees / crew assigned to ED1, ED2, T15, T16, GHTH, and EVE, subject to criteria | Provisional | Bangkok HR / Operations | | Email chain | |","Approval Evidence Needed","Administrative","Convert to approval evidence item","","What evidence, approver, and completion date should be recorded for this item?","Record completion evidence or keep as launch gate.","Needs Committee Approval"
"DEC-059","01_drafting/decisions/EDrill_Family_Bursary_Decision_Log.md","4. Eligibility Decisions","| EL-02 | Salary threshold | Monthly salary below THB 100,000 | Provisional | HR / Finance | | Email chain | |","Decision Needed","Minor","Decide","","Should this advisory or decision-like wording remain in the final issue version?","Update affected document after Alex/Committee answer.","Needs Alex Decision"
"DEC-060","01_drafting/decisions/EDrill_Family_Bursary_Decision_Log.md","4. Eligibility Decisions","| EL-03 | Salary definition | Base monthly salary plus fixed contractual allowances; exclude variable overtime unless Finance advises otherwise | Provisional | Finance / HR | | Decision questionnaire default | |","Warning / Control Text","Administrative","Keep as warning/control","","","Leave unchanged unless final policy tone requires shortening.","Keep"
"DEC-061","01_drafting/decisions/EDrill_Family_Bursary_Decision_Log.md","4. Eligibility Decisions","| EL-04 | Salary test date | Application closing date and award approval date | Provisional | HR / Finance | | Decision questionnaire default | |","Decision Needed","Minor","Decide","","Should this advisory or decision-like wording remain in the final issue version?","Update affected document after Alex/Committee answer.","Needs Alex Decision"
"DEC-062","01_drafting/decisions/EDrill_Family_Bursary_Decision_Log.md","4. Eligibility Decisions","| EL-05 | Minimum service for EDrill employees | Minimum continuous service required for all applicants; exact reference date to be aligned with application deadline and HR records | Provisional | HR / Executive Sponsor | User confirmed yes, minimum service applies to all | User clarification 2026-06-11 | 2026-06-11 |","Decision Needed","Minor","Decide","","Should this advisory or decision-like wording remain in the final issue version?","Update affected document after Alex/Committee answer.","Needs Alex Decision"
"DEC-063","01_drafting/decisions/EDrill_Family_Bursary_Decision_Log.md","4. Eligibility Decisions","| EL-06 | Child age | Child must be under 12, meaning the child must not turn 13 during the calendar year of award; for the first cycle, a child who turns 12 in 2026 remains eligible | Provisional | HR / Executive Sponsor | User clarified maximum child turns 12 in 2026, or under 12 | User clarification 2026-06-11 | 2026-06-11 |","Warning / Control Text","Administrative","Keep as warning/control","","","Leave unchanged unless final policy tone requires shortening.","Keep"
"DEC-064","01_drafting/decisions/EDrill_Family_Bursary_Decision_Log.md","4. Eligibility Decisions","| EL-07 | Child relationship | Include child, adopted child, stepchild, legal dependant, or child under legal guardianship if documented | Provisional | HR / Legal | | Decision questionnaire default | |","Decision Needed","Minor","Decide","","Should this advisory or decision-like wording remain in the final issue version?","Update affected document after Alex/Committee answer.","Needs Alex Decision"
"DEC-065","01_drafting/decisions/EDrill_Family_Bursary_Decision_Log.md","4. Eligibility Decisions","| EL-08 | Multiple children per family | A family may apply for multiple eligible children. Each child/application is means-tested and assessed separately under the approved criteria and the annual award cap. | Provisional | HR / Executive Sponsor | User confirmed one family can apply for multiple children and all are means-tested | User clarification 202...","Already Decided / Needs Propagation","Minor","No action","Families may apply for multiple children; each child/application is means-tested separately under the annual cap.","","Leave unchanged if wording already reflects known decision.","Already Answered"
"DEC-066","01_drafting/decisions/EDrill_Family_Bursary_Decision_Log.md","4. Eligibility Decisions","| EL-09 | Other education benefits | No double benefit for same child and same expense | Provisional | HR / Finance | | Decision questionnaire default | |","Decision Needed","Minor","Decide","","Should this advisory or decision-like wording remain in the final issue version?","Update affected document after Alex/Committee answer.","Needs Alex Decision"
"DEC-067","01_drafting/decisions/EDrill_Family_Bursary_Decision_Log.md","5. Schooling Decisions","| ID | Decision area | Current recommended position | Status | Accountable owner | Decision / final wording | Evidence/source | Date |","Decision Needed","Minor","Decide","","Should this advisory or decision-like wording remain in the final issue version?","Update affected document after Alex/Committee answer.","Needs Alex Decision"
"DEC-068","01_drafting/decisions/EDrill_Family_Bursary_Decision_Log.md","5. Schooling Decisions","| SC-01 | School country | Thailand only | Provisional | Executive Sponsor / HR | | Email chain | |","Already Decided / Needs Propagation","Minor","No action","Phase 1 is Thailand-only; future expansion is later review only.","","Leave unchanged if wording already reflects known decision.","Already Answered"
"DEC-069","01_drafting/decisions/EDrill_Family_Bursary_Decision_Log.md","5. Schooling Decisions","| SC-02 | Government schools | Included | Provisional | Executive Sponsor / HR | | Email chain | |","Decision Needed","Minor","Decide","","Should this advisory or decision-like wording remain in the final issue version?","Update affected document after Alex/Committee answer.","Needs Alex Decision"
"DEC-070","01_drafting/decisions/EDrill_Family_Bursary_Decision_Log.md","5. Schooling Decisions","| SC-03 | Private schools | Included | Provisional | Executive Sponsor / HR | | Email chain | |","Decision Needed","Minor","Decide","","Should this advisory or decision-like wording remain in the final issue version?","Update affected document after Alex/Committee answer.","Needs Alex Decision"
"DEC-071","01_drafting/decisions/EDrill_Family_Bursary_Decision_Log.md","5. Schooling Decisions","| SC-04 | International schools | Applicant must list the school attended; government and private schools in Thailand are included, and committee/Finance should assess cost reasonableness rather than exclude solely by label unless the Executive Sponsor approves an exclusion, cap, or separate rule | Provisional | Executive Sponsor / HR / Finance | User sai...","Warning / Control Text","Administrative","Keep as warning/control","","","Leave unchanged unless final policy tone requires shortening.","Keep"
"DEC-072","01_drafting/decisions/EDrill_Family_Bursary_Decision_Log.md","5. Schooling Decisions","| SC-05 | Special education schools | Included if located in Thailand and properly evidenced | Provisional | HR / Legal | | Decision questionnaire default | |","Decision Needed","Minor","Decide","","Should this advisory or decision-like wording remain in the final issue version?","Update affected document after Alex/Committee answer.","Needs Alex Decision"
"DEC-073","01_drafting/decisions/EDrill_Family_Bursary_Decision_Log.md","5. Schooling Decisions","| SC-06 | Homeschooling / online schooling | Excluded for first launch unless legally recognised and evidence is clear | Provisional | HR / Legal | | Decision questionnaire default | |","Warning / Control Text","Administrative","Keep as warning/control","","","Leave unchanged unless final policy tone requires shortening.","Keep"
"DEC-074","01_drafting/decisions/EDrill_Family_Bursary_Decision_Log.md","5. Schooling Decisions","| SC-07 | School evidence | Birth certificate or approved equivalent, plus school enrolment letter or confirmation; Finance verifies salary eligibility internally | Provisional | HR / Finance | User confirmed birth certificate and school enrolment letter; Finance already knows payslip/salary | User clarification 2026-06-11 | 2026-06-11 |","Already Decided / Needs Propagation","Minor","No action","EDrill employee payments go through normal payroll into the employee bank account as a payslip line item.","","Leave unchanged if wording already reflects known decision.","Already Answered"
"DEC-075","01_drafting/decisions/EDrill_Family_Bursary_Decision_Log.md","6. Award Value and Payment Decisions","| ID | Decision area | Current recommended position | Status | Accountable owner | Decision / final wording | Evidence/source | Date |","Decision Needed","Minor","Decide","","Should this advisory or decision-like wording remain in the final issue version?","Update affected document after Alex/Committee answer.","Needs Alex Decision"
"DEC-076","01_drafting/decisions/EDrill_Family_Bursary_Decision_Log.md","6. Award Value and Payment Decisions","| PAY-01 | EDrill award value | Up to THB 120,000 per awardee per year | Provisional | Executive Sponsor / Finance | | Email chain | |","Decision Needed","Minor","Decide","","Should this advisory or decision-like wording remain in the final issue version?","Update affected document after Alex/Committee answer.","Needs Alex Decision"
"DEC-077","01_drafting/decisions/EDrill_Family_Bursary_Decision_Log.md","6. Award Value and Payment Decisions","| PAY-02 | EDrill payment cadence | Quarterly, THB 30,000 per quarter | Provisional | Executive Sponsor / Finance | | Email chain | |","Decision Needed","Minor","Decide","","Should this advisory or decision-like wording remain in the final issue version?","Update affected document after Alex/Committee answer.","Needs Alex Decision"
"DEC-078","01_drafting/decisions/EDrill_Family_Bursary_Decision_Log.md","6. Award Value and Payment Decisions","| PAY-03 | labour-hire award value | Up to THB 8,000 per month | Provisional | Executive Sponsor / Finance / Legal | | Email chain | |","Decision Needed","Minor","Decide","","Should this advisory or decision-like wording remain in the final issue version?","Update affected document after Alex/Committee answer.","Needs Alex Decision"
"DEC-079","01_drafting/decisions/EDrill_Family_Bursary_Decision_Log.md","6. Award Value and Payment Decisions","| PAY-04 | Labour-hire award payment cadence | Quarterly, THB 24,000 per quarter based on THB 8,000 per month award value | Provisional | Finance / Executive Sponsor | User confirmed all awards paid quarterly | User clarification 2026-06-11 | 2026-06-11 |","Decision Needed","Minor","Decide","","Should this advisory or decision-like wording remain in the final issue version?","Update affected document after Alex/Committee answer.","Needs Alex Decision"
"DEC-080","01_drafting/decisions/EDrill_Family_Bursary_Decision_Log.md","6. Award Value and Payment Decisions","| PAY-05 | Payment route | EDrill employee awards are paid into the recipient employee's bank account through the normal payroll session. Labour-hire awards are paid by EDMPL to the appointed labour-hire agency at the time of application for onward payment to its employee using the agency's existing payroll/payment process. | Approved | Finance / HR / Com...","Approval Evidence Needed","Administrative","Convert to approval evidence item","Funding entity is Energy Drilling Management Pte. Ltd. / EDMPL.","What evidence, approver, and completion date should be recorded for this item?","Record completion evidence or keep as launch gate.","Needs Finance/Admin Evidence"
"DEC-081","01_drafting/decisions/EDrill_Family_Bursary_Decision_Log.md","6. Award Value and Payment Decisions","| PAY-06 | Payroll treatment | For EDrill employees, the bursary is added as a line item on the employee's payslip and paid through normal payroll. The bursary payment is tax liable to the recipient, and the recipient is responsible for their own tax position. | Approved | Thailand Finance / Payroll / Committee | Routine payroll administration remains wit...","Already Decided / Needs Propagation","Minor","No action","EDrill employee payments go through normal payroll into the employee bank account as a payslip line item.","","Leave unchanged if wording already reflects known decision.","Already Answered"
"DEC-082","01_drafting/decisions/EDrill_Family_Bursary_Decision_Log.md","6. Award Value and Payment Decisions","| PAY-07 | Tax treatment | Payments are tax liable to the recipient, and the recipient is responsible for their own tax position; documents must not state or imply tax-free or non-taxable treatment | Approved | Thailand Finance / Payroll / Committee | Approved internally for Phase 1 operation, subject to the approved controls in this document | Management...","Approval Evidence Needed","Administrative","Convert to approval evidence item","EDrill employee payments go through normal payroll into the employee bank account as a payslip line item.","What evidence, approver, and completion date should be recorded for this item?","Record completion evidence or keep as launch gate.","Needs Finance/Admin Evidence"
"DEC-083","01_drafting/decisions/EDrill_Family_Bursary_Decision_Log.md","6. Award Value and Payment Decisions","| PAY-08 | Eligible expenses | Tuition, compulsory school fees, books, uniforms, required school materials | Provisional | HR / Finance | | Decision questionnaire default | |","Decision Needed","Minor","Decide","","Should this advisory or decision-like wording remain in the final issue version?","Update affected document after Alex/Committee answer.","Needs Alex Decision"
"DEC-084","01_drafting/decisions/EDrill_Family_Bursary_Decision_Log.md","6. Award Value and Payment Decisions","| PAY-09 | Excluded expenses | Transport, meals, devices, tutoring unless expressly approved | Provisional | HR / Finance | | Decision questionnaire default | |","Warning / Control Text","Administrative","Keep as warning/control","","","Leave unchanged unless final policy tone requires shortening.","Keep"
"DEC-085","01_drafting/decisions/EDrill_Family_Bursary_Decision_Log.md","6. Award Value and Payment Decisions","| PAY-10 | Costs below award value | Pay/reimburse evidenced eligible costs only, up to award limit | Provisional | Finance / HR | | Decision questionnaire default | |","Decision Needed","Minor","Decide","","Should this advisory or decision-like wording remain in the final issue version?","Update affected document after Alex/Committee answer.","Needs Alex Decision"
"DEC-086","01_drafting/decisions/EDrill_Family_Bursary_Decision_Log.md","6. Award Value and Payment Decisions","| PAY-11 | Carry-forward | No carry-forward of unused award funds | Provisional | Finance / HR | | Decision questionnaire default | |","Decision Needed","Minor","Decide","","Should this advisory or decision-like wording remain in the final issue version?","Update affected document after Alex/Committee answer.","Needs Alex Decision"
"DEC-087","01_drafting/decisions/EDrill_Family_Bursary_Decision_Log.md","7. Selection and Governance Decisions","| ID | Decision area | Current recommended position | Status | Accountable owner | Decision / final wording | Evidence/source | Date |","Decision Needed","Minor","Decide","","Should this advisory or decision-like wording remain in the final issue version?","Update affected document after Alex/Committee answer.","Needs Alex Decision"
"DEC-088","01_drafting/decisions/EDrill_Family_Bursary_Decision_Log.md","7. Selection and Governance Decisions","| GOV-01 | Selection method | No further Marcus clarification is outstanding. If eligible applications exceed available bursary places, the Committee applies a means-tested, need-weighted assessment considering financial need and family circumstances. | Provisional | HR / Executive Sponsor | User confirmed no questions for Marcus and to move on | User cla...","Already Decided / Needs Propagation","Minor","No action","Phase 1 Committee is confirmed: Alex Maroske, Jacquline Ho, Malee Pasutharnchart, Luke Byrne, Sittikorn Intahkaew.","","Leave unchanged if wording already reflects known decision.","Already Answered"
"DEC-089","01_drafting/decisions/EDrill_Family_Bursary_Decision_Log.md","7. Selection and Governance Decisions","| GOV-02 | Academic merit | Not used except minimum proof of enrolment/attendance | Provisional | HR / Executive Sponsor | | Decision questionnaire default | |","Decision Needed","Minor","Decide","","Should this advisory or decision-like wording remain in the final issue version?","Update affected document after Alex/Committee answer.","Needs Alex Decision"
"DEC-090","01_drafting/decisions/EDrill_Family_Bursary_Decision_Log.md","7. Selection and Governance Decisions","| GOV-03 | Renewal | There is no automatic renewal and no automatic renewal priority. Each award year is a reset. Existing recipients may reapply and will be assessed under the same criteria as other applicants, subject to eligibility, available places, and annual approval. | Provisional | Executive Sponsor / HR | User confirmed annual reset, no automatic...","Already Decided / Needs Propagation","Major","Replace with confirmed wording","Annual reset; no automatic renewal and no automatic renewal priority.","","Keep annual reset wording and remove renewal priority wording.","Already Answered"
"DEC-091","01_drafting/decisions/EDrill_Family_Bursary_Decision_Log.md","7. Selection and Governance Decisions","| GOV-04 | Renewal approach | Resolved: no automatic renewal priority. Prior award status should not create a preference or override need-based assessment. | Provisional | HR / Executive Sponsor | User confirmed yearly reset and no automatic priority | User clarification 2026-06-11 | 2026-06-11 |","Already Decided / Needs Propagation","Major","Replace with confirmed wording","Annual reset; no automatic renewal and no automatic renewal priority.","","Keep annual reset wording and remove renewal priority wording.","Already Answered"
"DEC-092","01_drafting/decisions/EDrill_Family_Bursary_Decision_Log.md","7. Selection and Governance Decisions","| GOV-05 | Application anonymity | Finance/HR receives raw applications and Finance verifies salary eligibility internally; Committee receives anonymised applications where practicable | Approved | HR / Finance / Committee | Chairman/Committee-approved internal compliance position; no external legal advice obtained | Management decision 2026-06-11 | 2026-...","Warning / Control Text","Administrative","Keep as warning/control","Appeals go to the Chairman of the Committee.","","Leave unchanged unless final policy tone requires shortening.","Keep"
"DEC-093","01_drafting/decisions/EDrill_Family_Bursary_Decision_Log.md","7. Selection and Governance Decisions","| GOV-06 | Appeal process | Rejected applicants may appeal to the Chairman of the Committee for review | Provisional | HR / Legal / Committee Chairman | User confirmed appeal route to Chairman | User clarification 2026-06-11 | 2026-06-11 |","Already Decided / Needs Propagation","Minor","No action","Phase 1 Committee is confirmed: Alex Maroske, Jacquline Ho, Malee Pasutharnchart, Luke Byrne, Sittikorn Intahkaew.","","Leave unchanged if wording already reflects known decision.","Already Answered"
"DEC-094","01_drafting/decisions/EDrill_Family_Bursary_Decision_Log.md","7. Selection and Governance Decisions","| GOV-07 | Committee membership | Alex Maroske - Chairman; Jacquline Ho - Senior Finance Manager, Singapore; Malee Pasutharnchart - Office Manager / Finance, Thailand; Luke Byrne - Director of Operations, Thailand; Sittikorn Intahkaew - Regional QHSSE Manager | Approved | Executive Sponsor / HR / Committee | Phase 1 Bursary Committee membership confirmed ...","Already Decided / Needs Propagation","Minor","No action","No ROS activation and no fundraising in Phase 1.","","Leave unchanged if wording already reflects known decision.","Already Answered"
"DEC-095","01_drafting/decisions/EDrill_Family_Bursary_Decision_Log.md","7. Selection and Governance Decisions","| GOV-08 | Committee appointment | Phase 1 Committee appointed as listed in GOV-07. Conflict-of-interest and confidentiality declarations are still required before review/decision activity. | Approved | Executive Sponsor / HR / Committee | Committee no longer treated as unappointed or provisional for membership | Management decision 2026-06-11 | 2026-06-11 |","Warning / Control Text","Administrative","Keep as warning/control","","","Leave unchanged unless final policy tone requires shortening.","Keep"
"DEC-096","01_drafting/decisions/EDrill_Family_Bursary_Decision_Log.md","7. Selection and Governance Decisions","| GOV-09 | Conflict of interest and confidentiality process | Required for committee members and administrators before review/decision activity | Approved control | HR / Committee | Control remains required even though Committee membership is confirmed | Management decision 2026-06-11 | 2026-06-11 |","Warning / Control Text","Administrative","Keep as warning/control","Phase 1 Committee is confirmed: Alex Maroske, Jacquline Ho, Malee Pasutharnchart, Luke Byrne, Sittikorn Intahkaew.","","Leave unchanged unless final policy tone requires shortening.","Keep"
"DEC-097","01_drafting/decisions/EDrill_Family_Bursary_Decision_Log.md","7. Selection and Governance Decisions","| GOV-10 | Annual review | Required after each award cycle | Provisional | HR / Executive Sponsor / Finance | | Setup brief / roadmap | |","Decision Needed","Minor","Decide","","Should this advisory or decision-like wording remain in the final issue version?","Update affected document after Alex/Committee answer.","Needs Alex Decision"
"DEC-098","01_drafting/decisions/EDrill_Family_Bursary_Decision_Log.md","7. Selection and Governance Decisions","| GOV-11 | Employment or assignment cessation during award year | If an EDrill employee or labour-hire agency employee leaves or ceases assignment during the award year, continuation, suspension, or cessation of the award is decided case by case by the Committee, considering the circumstances of cessation and the needs of the family | Provisional | Commit...","Already Decided / Needs Propagation","Minor","No action","Phase 1 Committee is confirmed: Alex Maroske, Jacquline Ho, Malee Pasutharnchart, Luke Byrne, Sittikorn Intahkaew.","","Leave unchanged if wording already reflects known decision.","Already Answered"
"DEC-099","01_drafting/decisions/EDrill_Family_Bursary_Decision_Log.md","8. Labour-Hire Agency Decisions","| ID | Decision area | Current recommended position | Status | Accountable owner | Decision / final wording | Evidence/source | Date |","Decision Needed","Minor","Decide","","Should this advisory or decision-like wording remain in the final issue version?","Update affected document after Alex/Committee answer.","Needs Alex Decision"
"DEC-100","01_drafting/decisions/EDrill_Family_Bursary_Decision_Log.md","8. Labour-Hire Agency Decisions","| KO-01 | Labour-hire inclusion | Include eligible employees of the appointed labour-hire agency at the time of application who are assigned to EDrill rigs | Provisional | Executive Sponsor / Legal / Operations | User clarified agencies may change, so agency-neutral language is needed | User clarification 2026-06-11 | 2026-06-11 |","Already Decided / Needs Propagation","Minor","No action","Use: eligible employees of the appointed labour-hire agency at the time of application who are assigned to EDrill rigs.","","Leave unchanged if wording already reflects known decision.","Already Answered"
"DEC-101","01_drafting/decisions/EDrill_Family_Bursary_Decision_Log.md","8. Labour-Hire Agency Decisions","| KO-02 | Continuous service requirement | Must have worked continuously for EDrill since 1 January 2025 | Provisional | Operations / labour-hire agency | | Email chain | |","Decision Needed","Minor","Decide","","Should this advisory or decision-like wording remain in the final issue version?","Update affected document after Alex/Committee answer.","Needs Alex Decision"
"DEC-102","01_drafting/decisions/EDrill_Family_Bursary_Decision_Log.md","8. Labour-Hire Agency Decisions","| KO-03 | Employment verification | Labour-hire agency verifies employment; EDrill Operations verifies rig assignment and continuity | Provisional | Operations / Labour-hire agency | User confirmed labour-hire crew hold agency contracts | User clarification 2026-06-11 | 2026-06-11 |","Decision Needed","Minor","Decide","","Should this advisory or decision-like wording remain in the final issue version?","Update affected document after Alex/Committee answer.","Needs Alex Decision"
"DEC-103","01_drafting/decisions/EDrill_Family_Bursary_Decision_Log.md","8. Labour-Hire Agency Decisions","| KO-04 | Labour-hire agency acknowledgement | Agency acknowledgement is required, but it should be practical: the agency uses its existing payroll/payment process and holds employee receipt or acknowledgement in the same practical way it handles salary/payment acknowledgement. | Approved | Operations / Finance / Committee / agency | EDrill may request co...","Warning / Control Text","Administrative","Keep as warning/control","EDrill employee payments go through normal payroll into the employee bank account as a payslip line item.","","Leave unchanged unless final policy tone requires shortening.","Keep"
"DEC-104","01_drafting/decisions/EDrill_Family_Bursary_Decision_Log.md","8. Labour-Hire Agency Decisions","| KO-05 | Labour-hire wording | ""Eligible employees of the appointed labour-hire agency at the time of application who are assigned to EDrill rigs"" or equivalent | Approved | Committee / HR | Agency-neutral wording approved; do not use Kobchok as a fixed eligibility category | Management decision 2026-06-11 | 2026-06-11 |","Warning / Control Text","Administrative","Keep as warning/control","Use: eligible employees of the appointed labour-hire agency at the time of application who are assigned to EDrill rigs.","","Leave unchanged unless final policy tone requires shortening.","Keep"
"DEC-105","01_drafting/decisions/EDrill_Family_Bursary_Decision_Log.md","8. Labour-Hire Agency Decisions","| KO-06 | Wording to avoid | Avoid ""our employees"" when referring to labour-hire agency staff | Provisional | Legal / HR / Communications | | Compliance action note | |","Already Decided / Needs Propagation","Minor","No action","Final communications still need pre-publication check.","","Leave unchanged if wording already reflects known decision.","Already Answered"
"DEC-106","01_drafting/decisions/EDrill_Family_Bursary_Decision_Log.md","8. Labour-Hire Agency Decisions","| KO-07 | Payment route | EDMPL pays bursary funds to the appointed labour-hire agency at the time of application. The agency pays onward to its employee using its existing payroll/payment process, similar to salary handling. | Approved | Finance / Operations / Committee / agency | EDrill may request confirmation that onward payment was made | Management ...","Already Decided / Needs Propagation","Minor","No action","Funding entity is Energy Drilling Management Pte. Ltd. / EDMPL.","","Leave unchanged if wording already reflects known decision.","Already Answered"
"DEC-107","01_drafting/decisions/EDrill_Family_Bursary_Decision_Log.md","9. Privacy, Records, and Communications Decisions","| ID | Decision area | Current recommended position | Status | Accountable owner | Decision / final wording | Evidence/source | Date |","Decision Needed","Minor","Decide","","Should this advisory or decision-like wording remain in the final issue version?","Update affected document after Alex/Committee answer.","Needs Alex Decision"
"DEC-108","01_drafting/decisions/EDrill_Family_Bursary_Decision_Log.md","9. Privacy, Records, and Communications Decisions","| PR-01 | Privacy wording | Consent, confidentiality, data minimisation, anonymised committee review where practicable, and restricted access controls approved internally for Phase 1 | Approved | Chairman / Committee / HR | Chairman/Committee-approved internal compliance position; no external legal advice obtained. | Management decision 2026-06-11 | 2026-...","Warning / Control Text","Administrative","Keep as warning/control","Appeals go to the Chairman of the Committee.","","Leave unchanged unless final policy tone requires shortening.","Keep"
"DEC-109","01_drafting/decisions/EDrill_Family_Bursary_Decision_Log.md","9. Privacy, Records, and Communications Decisions","| PR-02 | Data collected | Only necessary employee, child, school, relationship, salary, and evidence data | Approved | HR / Committee | Data minimisation control approved internally for Phase 1 | Management decision 2026-06-11 | 2026-06-11 |","Decision Needed","Minor","Decide","","Should this advisory or decision-like wording remain in the final issue version?","Update affected document after Alex/Committee answer.","Needs Alex Decision"
"DEC-110","01_drafting/decisions/EDrill_Family_Bursary_Decision_Log.md","9. Privacy, Records, and Communications Decisions","| PR-03 | School verification | Allowed where applicant consent is obtained and verification is necessary for administration | Approved | HR / Committee | Keep verification practical and minimised | Management decision 2026-06-11 | 2026-06-11 |","Decision Needed","Minor","Decide","","Should this advisory or decision-like wording remain in the final issue version?","Update affected document after Alex/Committee answer.","Needs Alex Decision"
"DEC-111","01_drafting/decisions/EDrill_Family_Bursary_Decision_Log.md","9. Privacy, Records, and Communications Decisions","| PR-04 | Cross-border data transfer | Singapore Committee members may review minimised/anonymised application packs where practicable; raw records remain restricted to authorised HR/Finance unless needed | Approved | Chairman / Committee / HR | Chairman/Committee-approved internal compliance position; no external legal advice obtained. | Management decis...","Warning / Control Text","Administrative","Keep as warning/control","No ROS activation and no fundraising in Phase 1.","","Leave unchanged unless final policy tone requires shortening.","Keep"
"DEC-112","01_drafting/decisions/EDrill_Family_Bursary_Decision_Log.md","9. Privacy, Records, and Communications Decisions","| PR-05 | Retention period | Retain Bursary records for the period required for HR, payroll, audit, tax, and administration, using restricted access; Committee may set or update the retention period administratively | Approved control | Chairman / Committee / HR / Finance | Approved internally for Phase 1 operation, subject to the approved controls in thi...","Approval Evidence Needed","Administrative","Convert to approval evidence item","EDrill employee payments go through normal payroll into the employee bank account as a payslip line item.","What evidence, approver, and completion date should be recorded for this item?","Record completion evidence or keep as launch gate.","Needs Finance/Admin Evidence"
"DEC-113","01_drafting/decisions/EDrill_Family_Bursary_Decision_Log.md","9. Privacy, Records, and Communications Decisions","| COM-01 | Internal launch message | Draft only after charter/SOP assumptions are settled | Provisional | HR / Executive Sponsor | | Roadmap | |","Already Decided / Needs Propagation","Minor","No action","Final communications still need pre-publication check.","","Leave unchanged if wording already reflects known decision.","Already Answered"
"DEC-114","01_drafting/decisions/EDrill_Family_Bursary_Decision_Log.md","9. Privacy, Records, and Communications Decisions","| COM-02 | LinkedIn and corporate website post | Draft allowed; post effective 1 October only after final Chairman/Committee/Communications pre-publication check | Provisional | Executive Sponsor / Committee / Communications | Communications must contain no fundraising language, must not describe the Bursary as a charity, society, foundation, or ROS body,...","Approval Evidence Needed","Administrative","Convert to approval evidence item","No ROS activation and no fundraising in Phase 1.","What evidence, approver, and completion date should be recorded for this item?","Record completion evidence or keep as launch gate.","Needs Committee Approval"
"DEC-115","01_drafting/decisions/EDrill_Family_Bursary_Decision_Log.md","9. Privacy, Records, and Communications Decisions","| COM-03 | Beneficiary names/photos | Do not publish without specific written consent | Approved control | Committee / Communications | Applies to child names, photos, school names, personal stories, and family circumstances | Management decision 2026-06-11 | 2026-06-11 |","Warning / Control Text","Administrative","Keep as warning/control","Final communications still need pre-publication check.","","Leave unchanged unless final policy tone requires shortening.","Keep"
"DEC-116","01_drafting/decisions/EDrill_Family_Bursary_Decision_Log.md","10. Launch Gate Closure Tracker","| Thai labour/discretionary wording approved | Closed for Phase 1 internal operation | Chairman / Committee / HR | Approved internally for Phase 1 operation, subject to the approved controls in this document. | 2026-06-11 |","Approval Evidence Needed","Administrative","Convert to approval evidence item","Appeals go to the Chairman of the Committee.","What evidence, approver, and completion date should be recorded for this item?","Record completion evidence or keep as launch gate.","Needs Committee Approval"
"DEC-117","01_drafting/decisions/EDrill_Family_Bursary_Decision_Log.md","10. Launch Gate Closure Tracker","| Selection method approved | Provisional | HR / Executive Sponsor | Need-weighted committee scoring recorded; final approval/sign-off still required | |","Decision Needed","Minor","Decide","","Should this advisory or decision-like wording remain in the final issue version?","Update affected document after Alex/Committee answer.","Needs Alex Decision"
"DEC-118","01_drafting/decisions/EDrill_Family_Bursary_Decision_Log.md","10. Launch Gate Closure Tracker","| Committee appointed | Closed | Executive Sponsor / HR / Committee | Phase 1 Committee confirmed; conflict/confidentiality declarations still required before review/decision activity | 2026-06-11 |","Warning / Control Text","Administrative","Keep as warning/control","Phase 1 Committee is confirmed: Alex Maroske, Jacquline Ho, Malee Pasutharnchart, Luke Byrne, Sittikorn Intahkaew.","","Leave unchanged unless final policy tone requires shortening.","Keep"
"DEC-119","01_drafting/decisions/EDrill_Family_Bursary_Decision_Log.md","10. Launch Gate Closure Tracker","| Internal communication approved | Open | Executive Sponsor / HR / Committee / Communications | Final pre-publication check required | |","Approval Evidence Needed","Administrative","Convert to approval evidence item","Final communications still need pre-publication check.","What evidence, approver, and completion date should be recorded for this item?","Record completion evidence or keep as launch gate.","Needs Committee Approval"
"DEC-120","01_drafting/decisions/EDrill_Family_Bursary_Decision_Log.md","10. Launch Gate Closure Tracker","| LinkedIn/corporate website communication approved | Open | Executive Sponsor / Committee / Communications | Final pre-publication check required | |","Approval Evidence Needed","Administrative","Convert to approval evidence item","Final communications still need pre-publication check.","What evidence, approver, and completion date should be recorded for this item?","Record completion evidence or keep as launch gate.","Needs Committee Approval"
"DEC-121","01_drafting/decisions/EDrill_Family_Bursary_Decision_Log.md","11. Assumption Register For Drafting","| A-05 | No public fundraising at Phase 1 | LinkedIn, internal communications | Regulatory exposure in Singapore | Legal / Executive Sponsor | Provisional |","Already Decided / Needs Propagation","Minor","No action","No ROS activation and no fundraising in Phase 1.","","Leave unchanged if wording already reflects known decision.","Already Answered"
"DEC-122","01_drafting/decisions/EDrill_Family_Bursary_Decision_Log.md","11. Assumption Register For Drafting","| A-06 | There is no automatic renewal and no automatic renewal priority; each award year is a reset | Charter, SOP, award letter | Entitlement expectation | HR / Legal | Provisional |","Already Decided / Needs Propagation","Major","Replace with confirmed wording","Annual reset; no automatic renewal and no automatic renewal priority.","","Keep annual reset wording and remove renewal priority wording.","Already Answered"
"DEC-123","01_drafting/decisions/EDrill_Family_Bursary_Decision_Log.md","12. Change Log","| 2026-06-11 | Initial decision log created | ChatGPT | Based on setup brief, decision questionnaire, compliance action note, and roadmap |","Decision Needed","Minor","Decide","","Should this advisory or decision-like wording remain in the final issue version?","Update affected document after Alex/Committee answer.","Needs Alex Decision"
"DEC-124","01_drafting/decisions/EDrill_Family_Bursary_Decision_Log.md","12. Change Log","| 2026-06-11 | Phase 1 blocker decisions incorporated | ChatGPT | Closed or reclassified committee appointment, EDMPL funding entity, payroll/payment mechanics, internal compliance approval, and labour-hire agency payment model; final communications approval remains open |","Approval Evidence Needed","Administrative","Convert to approval evidence item","Funding entity is Energy Drilling Management Pte. Ltd. / EDMPL.","What evidence, approver, and completion date should be recorded for this item?","Record completion evidence or keep as launch gate.","Needs Finance/Admin Evidence"
"DEC-125","01_drafting/eligibility-criteria/draft/EDrill_Family_Bursary_Eligibility_and_Selection_Rules_DRAFT.md","The EDrill Family Bursary - Eligibility and Selection Rules","Effective date: To be confirmed","Decision Needed","Minor","Decide","","Should this advisory or decision-like wording remain in the final issue version?","Update affected document after Alex/Committee answer.","Needs Alex Decision"
"DEC-126","01_drafting/eligibility-criteria/draft/EDrill_Family_Bursary_Eligibility_and_Selection_Rules_DRAFT.md","The EDrill Family Bursary - Eligibility and Selection Rules","Owner: To be confirmed","Decision Needed","Minor","Decide","","Should this advisory or decision-like wording remain in the final issue version?","Update affected document after Alex/Committee answer.","Needs Alex Decision"
"DEC-127","01_drafting/eligibility-criteria/draft/EDrill_Family_Bursary_Eligibility_and_Selection_Rules_DRAFT.md","The EDrill Family Bursary - Eligibility and Selection Rules","Important: this draft reflects confirmed Phase 1 management decisions recorded in the decision log. It remains in draft form and must not be treated as operational until the Launch Approval Checklist records all required Phase 1 approvals and final communications checks.","Warning / Control Text","Administrative","Keep as warning/control","Final communications still need pre-publication check.","","Leave unchanged unless final policy tone requires shortening.","Keep"
"DEC-128","01_drafting/eligibility-criteria/draft/EDrill_Family_Bursary_Eligibility_and_Selection_Rules_DRAFT.md","2. Core Principles","The Bursary should be administered according to the following principles:","Decision Needed","Minor","Decide","","Should this advisory or decision-like wording remain in the final issue version?","Update affected document after Alex/Committee answer.","Needs Alex Decision"
"DEC-129","01_drafting/eligibility-criteria/draft/EDrill_Family_Bursary_Eligibility_and_Selection_Rules_DRAFT.md","2. Core Principles","1. Fairness: similar applications should be treated consistently.","Decision Needed","Minor","Decide","","Should this advisory or decision-like wording remain in the final issue version?","Update affected document after Alex/Committee answer.","Needs Alex Decision"
"DEC-130","01_drafting/eligibility-criteria/draft/EDrill_Family_Bursary_Eligibility_and_Selection_Rules_DRAFT.md","2. Core Principles","5. Privacy: only necessary personal and family data should be collected.","Decision Needed","Minor","Decide","","Should this advisory or decision-like wording remain in the final issue version?","Update affected document after Alex/Committee answer.","Needs Alex Decision"
"DEC-131","01_drafting/eligibility-criteria/draft/EDrill_Family_Bursary_Eligibility_and_Selection_Rules_DRAFT.md","2. Core Principles","6. Transparency: selection criteria should be documented before applications are reviewed.","Decision Needed","Minor","Decide","","Should this advisory or decision-like wording remain in the final issue version?","Update affected document after Alex/Committee answer.","Needs Alex Decision"
"DEC-132","01_drafting/eligibility-criteria/draft/EDrill_Family_Bursary_Eligibility_and_Selection_Rules_DRAFT.md","3. Award Year","The final Award Year dates, application opening date, and application closing date must be approved before applications open.","Approval Evidence Needed","Administrative","Convert to approval evidence item","","What evidence, approver, and completion date should be recorded for this item?","Record completion evidence or keep as launch gate.","Needs Committee Approval"
"DEC-133","01_drafting/eligibility-criteria/draft/EDrill_Family_Bursary_Eligibility_and_Selection_Rules_DRAFT.md","4. Eligible Applicant Categories","The provisional eligible applicant categories are:","Decision Needed","Minor","Decide","","Should this advisory or decision-like wording remain in the final issue version?","Update affected document after Alex/Committee answer.","Needs Alex Decision"
"DEC-134","01_drafting/eligibility-criteria/draft/EDrill_Family_Bursary_Eligibility_and_Selection_Rules_DRAFT.md","4. Eligible Applicant Categories","The Bursary does not apply to Myanmar or other locations unless formally extended.","Warning / Control Text","Administrative","Keep as warning/control","Phase 1 is Thailand-only; future expansion is later review only.","","Leave unchanged unless final policy tone requires shortening.","Keep"
"DEC-135","01_drafting/eligibility-criteria/draft/EDrill_Family_Bursary_Eligibility_and_Selection_Rules_DRAFT.md","6. Salary Threshold","The provisional salary threshold is monthly salary below THB 100,000.","Decision Needed","Minor","Decide","","Should this advisory or decision-like wording remain in the final issue version?","Update affected document after Alex/Committee answer.","Needs Alex Decision"
"DEC-136","01_drafting/eligibility-criteria/draft/EDrill_Family_Bursary_Eligibility_and_Selection_Rules_DRAFT.md","6. Salary Threshold","The provisional salary definition is:","Decision Needed","Minor","Decide","","Should this advisory or decision-like wording remain in the final issue version?","Update affected document after Alex/Committee answer.","Needs Alex Decision"
"DEC-137","01_drafting/eligibility-criteria/draft/EDrill_Family_Bursary_Eligibility_and_Selection_Rules_DRAFT.md","6. Salary Threshold","> base monthly salary plus fixed contractual allowances, excluding variable overtime unless Finance decides otherwise.","Warning / Control Text","Administrative","Keep as warning/control","","","Leave unchanged unless final policy tone requires shortening.","Keep"
"DEC-138","01_drafting/eligibility-criteria/draft/EDrill_Family_Bursary_Eligibility_and_Selection_Rules_DRAFT.md","6. Salary Threshold","The salary threshold should be tested at:","Decision Needed","Minor","Decide","","Should this advisory or decision-like wording remain in the final issue version?","Update affected document after Alex/Committee answer.","Needs Alex Decision"
"DEC-139","01_drafting/eligibility-criteria/draft/EDrill_Family_Bursary_Eligibility_and_Selection_Rules_DRAFT.md","7. Minimum Service","The provisional minimum service requirement for EDrill employees is 12 months of continuous service before the application closing date.","Decision Needed","Minor","Decide","","Should this advisory or decision-like wording remain in the final issue version?","Update affected document after Alex/Committee answer.","Needs Alex Decision"
"DEC-140","01_drafting/eligibility-criteria/draft/EDrill_Family_Bursary_Eligibility_and_Selection_Rules_DRAFT.md","8. Labour-Hire Agency Eligibility","Labour-hire agency participation is provisional and must be approved before use.","Decision Needed","Minor","Decide","","Should this advisory or decision-like wording remain in the final issue version?","Update affected document after Alex/Committee answer.","Needs Alex Decision"
"DEC-141","01_drafting/eligibility-criteria/draft/EDrill_Family_Bursary_Eligibility_and_Selection_Rules_DRAFT.md","8. Labour-Hire Agency Eligibility","Approved wording: > eligible employees of the appointed labour-hire agency at the time of application who are assigned to EDrill rigs","Already Decided / Needs Propagation","Major","Replace with confirmed wording","Use: eligible employees of the appointed labour-hire agency at the time of application who are assigned to EDrill rigs.","","Remove contractor alternative from active drafts; keep agency-neutral wording.","Already Answered"
"DEC-142","01_drafting/eligibility-criteria/draft/EDrill_Family_Bursary_Eligibility_and_Selection_Rules_DRAFT.md","8. Labour-Hire Agency Eligibility","or: > eligible employees of EDrill's contractor working on EDrill rigs","Already Decided / Needs Propagation","Major","Replace with confirmed wording","Use: eligible employees of the appointed labour-hire agency at the time of application who are assigned to EDrill rigs.","","Remove contractor alternative from active drafts; keep agency-neutral wording.","Already Answered"
"DEC-143","01_drafting/eligibility-criteria/draft/EDrill_Family_Bursary_Eligibility_and_Selection_Rules_DRAFT.md","11. Eligible Schools","The provisional eligible school categories are:","Decision Needed","Minor","Decide","","Should this advisory or decision-like wording remain in the final issue version?","Update affected document after Alex/Committee answer.","Needs Alex Decision"
"DEC-144","01_drafting/eligibility-criteria/draft/EDrill_Family_Bursary_Eligibility_and_Selection_Rules_DRAFT.md","11. Eligible Schools","Applicants must list the school attended. Government and private schools in Thailand are included. International schools should be reviewed for cost reasonableness unless the Executive Sponsor approves an exclusion, cap, or separate rule.","Warning / Control Text","Administrative","Keep as warning/control","","","Leave unchanged unless final policy tone requires shortening.","Keep"
"DEC-145","01_drafting/eligibility-criteria/draft/EDrill_Family_Bursary_Eligibility_and_Selection_Rules_DRAFT.md","11. Eligible Schools","Homeschooling and online schooling are provisionally excluded for the first launch unless legally recognised and evidence is clear.","Warning / Control Text","Administrative","Keep as warning/control","","","Leave unchanged unless final policy tone requires shortening.","Keep"
"DEC-146","01_drafting/eligibility-criteria/draft/EDrill_Family_Bursary_Eligibility_and_Selection_Rules_DRAFT.md","12. Evidence Required","Provisional evidence requirements include:","Decision Needed","Minor","Decide","","Should this advisory or decision-like wording remain in the final issue version?","Update affected document after Alex/Committee answer.","Needs Alex Decision"
"DEC-147","01_drafting/eligibility-criteria/draft/EDrill_Family_Bursary_Eligibility_and_Selection_Rules_DRAFT.md","12. Evidence Required","- labour-hire agency employment and assignment verification, if applicable.","Wording Choice","Minor","Decide","","Which wording or option should be retained in the final issue version?","Remove alternatives and retain the selected wording.","Needs Alex Decision"
"DEC-148","01_drafting/eligibility-criteria/draft/EDrill_Family_Bursary_Eligibility_and_Selection_Rules_DRAFT.md","12. Evidence Required","Finance verifies salary eligibility internally. Applicants should not be required to submit a payslip unless Finance later requires it as an exception.","Warning / Control Text","Administrative","Keep as warning/control","EDrill employee payments go through normal payroll into the employee bank account as a payslip line item.","","Leave unchanged unless final policy tone requires shortening.","Keep"
"DEC-149","01_drafting/eligibility-criteria/draft/EDrill_Family_Bursary_Eligibility_and_Selection_Rules_DRAFT.md","14. Selection When Applications Do Not Exceed Available Places","If eligible applications are equal to or fewer than the approved number of Bursary places, the Committee may recommend all eligible applications, subject to:","Approval Evidence Needed","Administrative","Convert to approval evidence item","","What evidence, approver, and completion date should be recorded for this item?","Record completion evidence or keep as launch gate.","Needs Committee Approval"
"DEC-150","01_drafting/eligibility-criteria/draft/EDrill_Family_Bursary_Eligibility_and_Selection_Rules_DRAFT.md","15. Selection When Applications Exceed Available Places","The provisional scoring model is:","Decision Needed","Minor","Decide","","Should this advisory or decision-like wording remain in the final issue version?","Update affected document after Alex/Committee answer.","Needs Alex Decision"
"DEC-151","01_drafting/eligibility-criteria/draft/EDrill_Family_Bursary_Eligibility_and_Selection_Rules_DRAFT.md","16. Tie-Breakers","If applicants receive the same score, the provisional tie-breakers are:","Decision Needed","Minor","Decide","","Should this advisory or decision-like wording remain in the final issue version?","Update affected document after Alex/Committee answer.","Needs Alex Decision"
"DEC-152","01_drafting/eligibility-criteria/draft/EDrill_Family_Bursary_Eligibility_and_Selection_Rules_DRAFT.md","16. Tie-Breakers","5. Committee Chair decision, recorded with reasons.","Decision Needed","Minor","Decide","","Should this advisory or decision-like wording remain in the final issue version?","Update affected document after Alex/Committee answer.","Needs Alex Decision"
"DEC-153","01_drafting/eligibility-criteria/draft/EDrill_Family_Bursary_Eligibility_and_Selection_Rules_DRAFT.md","17. Renewal Selection","Each award year is a reset. Existing recipients may reapply and will be assessed under the same criteria as other applicants, subject to eligibility, available places, and annual approval.","Approval Evidence Needed","Administrative","Convert to approval evidence item","","What evidence, approver, and completion date should be recorded for this item?","Record completion evidence or keep as launch gate.","Needs Committee Approval"
"DEC-154","01_drafting/governance/decisions/EDrill_Family_Bursary_Decision_Log.md","The EDrill Family Bursary - Decision Log","Working status: live decision register","Decision Needed","Minor","Decide","","Should this advisory or decision-like wording remain in the final issue version?","Update affected document after Alex/Committee answer.","Needs Alex Decision"
"DEC-155","01_drafting/governance/decisions/EDrill_Family_Bursary_Decision_Log.md","The EDrill Family Bursary - Decision Log","Rule: no item should be treated as approved unless the decision, owner, date, and evidence/source are recorded.","Warning / Control Text","Administrative","Keep as warning/control","","","Leave unchanged unless final policy tone requires shortening.","Keep"
"DEC-156","01_drafting/governance/decisions/EDrill_Family_Bursary_Decision_Log.md","1. Decision Status Key","- Approved: decision confirmed by accountable owner.","Decision Needed","Minor","Decide","","Should this advisory or decision-like wording remain in the final issue version?","Update affected document after Alex/Committee answer.","Needs Alex Decision"
"DEC-157","01_drafting/governance/decisions/EDrill_Family_Bursary_Decision_Log.md","1. Decision Status Key","- Provisional: working assumption allowed for drafting, but not for launch.","Decision Needed","Minor","Decide","","Should this advisory or decision-like wording remain in the final issue version?","Update affected document after Alex/Committee answer.","Needs Alex Decision"
"DEC-158","01_drafting/governance/decisions/EDrill_Family_Bursary_Decision_Log.md","1. Decision Status Key","- Open: decision not yet made.","Approval Evidence Needed","Administrative","Convert to approval evidence item","","What evidence, approver, and completion date should be recorded for this item?","Record completion evidence or keep as launch gate.","Needs Committee Approval"
"DEC-159","01_drafting/governance/decisions/EDrill_Family_Bursary_Decision_Log.md","1. Decision Status Key","- Blocked: decision cannot be made until another action is completed.","Decision Needed","Minor","Decide","","Should this advisory or decision-like wording remain in the final issue version?","Update affected document after Alex/Committee answer.","Needs Alex Decision"
"DEC-160","01_drafting/governance/decisions/EDrill_Family_Bursary_Decision_Log.md","1. Decision Status Key","- Superseded: earlier decision replaced by a later approved decision.","Decision Needed","Minor","Decide","","Should this advisory or decision-like wording remain in the final issue version?","Update affected document after Alex/Committee answer.","Needs Alex Decision"
"DEC-161","01_drafting/governance/decisions/EDrill_Family_Bursary_Decision_Log.md","2. Approval Rules","- Conflict-of-interest and confidentiality declarations before Committee review or decision activity.","Warning / Control Text","Administrative","Keep as warning/control","","","Leave unchanged unless final policy tone requires shortening.","Keep"
"DEC-162","01_drafting/governance/decisions/EDrill_Family_Bursary_Decision_Log.md","2. Approval Rules","Drafting may proceed using the approved Phase 1 internal positions, but documents must not be moved to approved folders or treated as operational until the Launch Approval Checklist records all required Phase 1 approvals.","Warning / Control Text","Administrative","Keep as warning/control","","","Leave unchanged unless final policy tone requires shortening.","Keep"
"DEC-163","01_drafting/governance/decisions/EDrill_Family_Bursary_Decision_Log.md","3. Executive Decisions","| ID | Decision area | Current recommended position | Status | Accountable owner | Decision / final wording | Evidence/source | Date |","Decision Needed","Minor","Decide","","Should this advisory or decision-like wording remain in the final issue version?","Update affected document after Alex/Committee answer.","Needs Alex Decision"
"DEC-164","01_drafting/governance/decisions/EDrill_Family_Bursary_Decision_Log.md","3. Executive Decisions","| EX-01 | Scheme name | The EDrill Family Bursary | Provisional | Executive Sponsor | | Email chain / pending approval | |","Decision Needed","Minor","Decide","","Should this advisory or decision-like wording remain in the final issue version?","Update affected document after Alex/Committee answer.","Needs Alex Decision"
"DEC-165","01_drafting/governance/decisions/EDrill_Family_Bursary_Decision_Log.md","3. Executive Decisions","| EX-02 | Scheme type | Internal company-funded discretionary education bursary | Approved | Executive Sponsor / Committee | Approved internally for Phase 1 operation, subject to the approved controls in this document | Management decision 2026-06-11 | 2026-06-11 |","Approval Evidence Needed","Administrative","Convert to approval evidence item","","What evidence, approver, and completion date should be recorded for this item?","Record completion evidence or keep as launch gate.","Needs Committee Approval"
"DEC-166","01_drafting/governance/decisions/EDrill_Family_Bursary_Decision_Log.md","3. Executive Decisions","| EX-03 | Legal/funding entity | Energy Drilling Management Pte. Ltd. (EDMPL) | Approved | Finance / Executive Sponsor / Committee | EDMPL is the confirmed Phase 1 funding entity. Cost centre / GL code is a Finance administrative processing detail and is not a policy blocker. | Management decision 2026-06-11 | 2026-06-11 |","Already Decided / Needs Propagation","Minor","No action","Funding entity is Energy Drilling Management Pte. Ltd. / EDMPL.","","Leave unchanged if wording already reflects known decision.","Already Answered"
"DEC-167","01_drafting/governance/decisions/EDrill_Family_Bursary_Decision_Log.md","3. Executive Decisions","| EX-04 | Launch date | 1 October 2026 | Provisional | Executive Sponsor | | Email chain | |","Decision Needed","Minor","Decide","","Should this advisory or decision-like wording remain in the final issue version?","Update affected document after Alex/Committee answer.","Needs Alex Decision"
"DEC-168","01_drafting/governance/decisions/EDrill_Family_Bursary_Decision_Log.md","3. Executive Decisions","| EX-05 | Launch geography | Thailand only | Provisional | Executive Sponsor | | Email chain | |","Already Decided / Needs Propagation","Minor","No action","Phase 1 is Thailand-only; future expansion is later review only.","","Leave unchanged if wording already reflects known decision.","Already Answered"
"DEC-169","01_drafting/governance/decisions/EDrill_Family_Bursary_Decision_Log.md","3. Executive Decisions","| EX-06 | Myanmar extension | Excluded for launch; review later | Provisional | Executive Sponsor | | Email chain | |","Already Decided / Needs Propagation","Minor","No action","Phase 1 is Thailand-only; future expansion is later review only.","","Leave unchanged if wording already reflects known decision.","Already Answered"
"DEC-170","01_drafting/governance/decisions/EDrill_Family_Bursary_Decision_Log.md","3. Executive Decisions","| EX-07 | Maximum awards | Up to 6 bursaries per award year | Provisional | Executive Sponsor | | Email chain | |","Decision Needed","Minor","Decide","","Should this advisory or decision-like wording remain in the final issue version?","Update affected document after Alex/Committee answer.","Needs Alex Decision"
"DEC-171","01_drafting/governance/decisions/EDrill_Family_Bursary_Decision_Log.md","3. Executive Decisions","| EX-08 | Public communication | LinkedIn and corporate website post effective 1 October 2026, after final Chairman/Committee/Communications pre-publication check and no fundraising wording | Provisional | Executive Sponsor / HR / Communications / Committee | Final communications approval remains a pre-publication check | Management decision 2026-06-11 | ...","Approval Evidence Needed","Administrative","Convert to approval evidence item","No ROS activation and no fundraising in Phase 1.","What evidence, approver, and completion date should be recorded for this item?","Record completion evidence or keep as launch gate.","Needs Committee Approval"
"DEC-172","01_drafting/governance/decisions/EDrill_Family_Bursary_Decision_Log.md","4. Eligibility Decisions","| ID | Decision area | Current recommended position | Status | Accountable owner | Decision / final wording | Evidence/source | Date |","Decision Needed","Minor","Decide","","Should this advisory or decision-like wording remain in the final issue version?","Update affected document after Alex/Committee answer.","Needs Alex Decision"
"DEC-173","01_drafting/governance/decisions/EDrill_Family_Bursary_Decision_Log.md","4. Eligibility Decisions","| EL-01 | Eligible EDrill employees | Thailand operations employees / crew assigned to ED1, ED2, T15, T16, GHTH, and EVE, subject to criteria | Provisional | Bangkok HR / Operations | | Email chain | |","Approval Evidence Needed","Administrative","Convert to approval evidence item","","What evidence, approver, and completion date should be recorded for this item?","Record completion evidence or keep as launch gate.","Needs Committee Approval"
"DEC-174","01_drafting/governance/decisions/EDrill_Family_Bursary_Decision_Log.md","4. Eligibility Decisions","| EL-02 | Salary threshold | Monthly salary below THB 100,000 | Provisional | HR / Finance | | Email chain | |","Decision Needed","Minor","Decide","","Should this advisory or decision-like wording remain in the final issue version?","Update affected document after Alex/Committee answer.","Needs Alex Decision"
"DEC-175","01_drafting/governance/decisions/EDrill_Family_Bursary_Decision_Log.md","4. Eligibility Decisions","| EL-03 | Salary definition | Base monthly salary plus fixed contractual allowances; exclude variable overtime unless Finance advises otherwise | Provisional | Finance / HR | | Decision questionnaire default | |","Warning / Control Text","Administrative","Keep as warning/control","","","Leave unchanged unless final policy tone requires shortening.","Keep"
"DEC-176","01_drafting/governance/decisions/EDrill_Family_Bursary_Decision_Log.md","4. Eligibility Decisions","| EL-04 | Salary test date | Application closing date and award approval date | Provisional | HR / Finance | | Decision questionnaire default | |","Decision Needed","Minor","Decide","","Should this advisory or decision-like wording remain in the final issue version?","Update affected document after Alex/Committee answer.","Needs Alex Decision"
"DEC-177","01_drafting/governance/decisions/EDrill_Family_Bursary_Decision_Log.md","4. Eligibility Decisions","| EL-05 | Minimum service for EDrill employees | Minimum continuous service required for all applicants; exact reference date to be aligned with application deadline and HR records | Provisional | HR / Executive Sponsor | User confirmed yes, minimum service applies to all | User clarification 2026-06-11 | 2026-06-11 |","Decision Needed","Minor","Decide","","Should this advisory or decision-like wording remain in the final issue version?","Update affected document after Alex/Committee answer.","Needs Alex Decision"
"DEC-178","01_drafting/governance/decisions/EDrill_Family_Bursary_Decision_Log.md","4. Eligibility Decisions","| EL-06 | Child age | Child must be under 12, meaning the child must not turn 13 during the calendar year of award; for the first cycle, a child who turns 12 in 2026 remains eligible | Provisional | HR / Executive Sponsor | User clarified maximum child turns 12 in 2026, or under 12 | User clarification 2026-06-11 | 2026-06-11 |","Warning / Control Text","Administrative","Keep as warning/control","","","Leave unchanged unless final policy tone requires shortening.","Keep"
"DEC-179","01_drafting/governance/decisions/EDrill_Family_Bursary_Decision_Log.md","4. Eligibility Decisions","| EL-07 | Child relationship | Include child, adopted child, stepchild, legal dependant, or child under legal guardianship if documented | Provisional | HR / Legal | | Decision questionnaire default | |","Decision Needed","Minor","Decide","","Should this advisory or decision-like wording remain in the final issue version?","Update affected document after Alex/Committee answer.","Needs Alex Decision"
"DEC-180","01_drafting/governance/decisions/EDrill_Family_Bursary_Decision_Log.md","4. Eligibility Decisions","| EL-08 | Multiple children per family | A family may apply for multiple eligible children. Each child/application is means-tested and assessed separately under the approved criteria and the annual award cap. | Provisional | HR / Executive Sponsor | User confirmed one family can apply for multiple children and all are means-tested | User clarification 202...","Already Decided / Needs Propagation","Minor","No action","Families may apply for multiple children; each child/application is means-tested separately under the annual cap.","","Leave unchanged if wording already reflects known decision.","Already Answered"
"DEC-181","01_drafting/governance/decisions/EDrill_Family_Bursary_Decision_Log.md","4. Eligibility Decisions","| EL-09 | Other education benefits | No double benefit for same child and same expense | Provisional | HR / Finance | | Decision questionnaire default | |","Decision Needed","Minor","Decide","","Should this advisory or decision-like wording remain in the final issue version?","Update affected document after Alex/Committee answer.","Needs Alex Decision"
"DEC-182","01_drafting/governance/decisions/EDrill_Family_Bursary_Decision_Log.md","5. Schooling Decisions","| ID | Decision area | Current recommended position | Status | Accountable owner | Decision / final wording | Evidence/source | Date |","Decision Needed","Minor","Decide","","Should this advisory or decision-like wording remain in the final issue version?","Update affected document after Alex/Committee answer.","Needs Alex Decision"
"DEC-183","01_drafting/governance/decisions/EDrill_Family_Bursary_Decision_Log.md","5. Schooling Decisions","| SC-01 | School country | Thailand only | Provisional | Executive Sponsor / HR | | Email chain | |","Already Decided / Needs Propagation","Minor","No action","Phase 1 is Thailand-only; future expansion is later review only.","","Leave unchanged if wording already reflects known decision.","Already Answered"
"DEC-184","01_drafting/governance/decisions/EDrill_Family_Bursary_Decision_Log.md","5. Schooling Decisions","| SC-02 | Government schools | Included | Provisional | Executive Sponsor / HR | | Email chain | |","Decision Needed","Minor","Decide","","Should this advisory or decision-like wording remain in the final issue version?","Update affected document after Alex/Committee answer.","Needs Alex Decision"
"DEC-185","01_drafting/governance/decisions/EDrill_Family_Bursary_Decision_Log.md","5. Schooling Decisions","| SC-03 | Private schools | Included | Provisional | Executive Sponsor / HR | | Email chain | |","Decision Needed","Minor","Decide","","Should this advisory or decision-like wording remain in the final issue version?","Update affected document after Alex/Committee answer.","Needs Alex Decision"
"DEC-186","01_drafting/governance/decisions/EDrill_Family_Bursary_Decision_Log.md","5. Schooling Decisions","| SC-04 | International schools | Applicant must list the school attended; government and private schools in Thailand are included, and committee/Finance should assess cost reasonableness rather than exclude solely by label unless the Executive Sponsor approves an exclusion, cap, or separate rule | Provisional | Executive Sponsor / HR / Finance | User sai...","Warning / Control Text","Administrative","Keep as warning/control","","","Leave unchanged unless final policy tone requires shortening.","Keep"
"DEC-187","01_drafting/governance/decisions/EDrill_Family_Bursary_Decision_Log.md","5. Schooling Decisions","| SC-05 | Special education schools | Included if located in Thailand and properly evidenced | Provisional | HR / Legal | | Decision questionnaire default | |","Decision Needed","Minor","Decide","","Should this advisory or decision-like wording remain in the final issue version?","Update affected document after Alex/Committee answer.","Needs Alex Decision"
"DEC-188","01_drafting/governance/decisions/EDrill_Family_Bursary_Decision_Log.md","5. Schooling Decisions","| SC-06 | Homeschooling / online schooling | Excluded for first launch unless legally recognised and evidence is clear | Provisional | HR / Legal | | Decision questionnaire default | |","Warning / Control Text","Administrative","Keep as warning/control","","","Leave unchanged unless final policy tone requires shortening.","Keep"
"DEC-189","01_drafting/governance/decisions/EDrill_Family_Bursary_Decision_Log.md","5. Schooling Decisions","| SC-07 | School evidence | Birth certificate or approved equivalent, plus school enrolment letter or confirmation; Finance verifies salary eligibility internally | Provisional | HR / Finance | User confirmed birth certificate and school enrolment letter; Finance already knows payslip/salary | User clarification 2026-06-11 | 2026-06-11 |","Already Decided / Needs Propagation","Minor","No action","EDrill employee payments go through normal payroll into the employee bank account as a payslip line item.","","Leave unchanged if wording already reflects known decision.","Already Answered"
"DEC-190","01_drafting/governance/decisions/EDrill_Family_Bursary_Decision_Log.md","6. Award Value and Payment Decisions","| ID | Decision area | Current recommended position | Status | Accountable owner | Decision / final wording | Evidence/source | Date |","Decision Needed","Minor","Decide","","Should this advisory or decision-like wording remain in the final issue version?","Update affected document after Alex/Committee answer.","Needs Alex Decision"
"DEC-191","01_drafting/governance/decisions/EDrill_Family_Bursary_Decision_Log.md","6. Award Value and Payment Decisions","| PAY-01 | EDrill award value | Up to THB 120,000 per awardee per year | Provisional | Executive Sponsor / Finance | | Email chain | |","Decision Needed","Minor","Decide","","Should this advisory or decision-like wording remain in the final issue version?","Update affected document after Alex/Committee answer.","Needs Alex Decision"
"DEC-192","01_drafting/governance/decisions/EDrill_Family_Bursary_Decision_Log.md","6. Award Value and Payment Decisions","| PAY-02 | EDrill payment cadence | Quarterly, THB 30,000 per quarter | Provisional | Executive Sponsor / Finance | | Email chain | |","Decision Needed","Minor","Decide","","Should this advisory or decision-like wording remain in the final issue version?","Update affected document after Alex/Committee answer.","Needs Alex Decision"
"DEC-193","01_drafting/governance/decisions/EDrill_Family_Bursary_Decision_Log.md","6. Award Value and Payment Decisions","| PAY-03 | labour-hire award value | Up to THB 8,000 per month | Provisional | Executive Sponsor / Finance / Legal | | Email chain | |","Decision Needed","Minor","Decide","","Should this advisory or decision-like wording remain in the final issue version?","Update affected document after Alex/Committee answer.","Needs Alex Decision"
"DEC-194","01_drafting/governance/decisions/EDrill_Family_Bursary_Decision_Log.md","6. Award Value and Payment Decisions","| PAY-04 | Labour-hire award payment cadence | Quarterly, THB 24,000 per quarter based on THB 8,000 per month award value | Provisional | Finance / Executive Sponsor | User confirmed all awards paid quarterly | User clarification 2026-06-11 | 2026-06-11 |","Decision Needed","Minor","Decide","","Should this advisory or decision-like wording remain in the final issue version?","Update affected document after Alex/Committee answer.","Needs Alex Decision"
"DEC-195","01_drafting/governance/decisions/EDrill_Family_Bursary_Decision_Log.md","6. Award Value and Payment Decisions","| PAY-05 | Payment route | EDrill employee awards are paid into the recipient employee's bank account through the normal payroll session. Labour-hire awards are paid by EDMPL to the appointed labour-hire agency at the time of application for onward payment to its employee using the agency's existing payroll/payment process. | Approved | Finance / HR / Com...","Approval Evidence Needed","Administrative","Convert to approval evidence item","Funding entity is Energy Drilling Management Pte. Ltd. / EDMPL.","What evidence, approver, and completion date should be recorded for this item?","Record completion evidence or keep as launch gate.","Needs Finance/Admin Evidence"
"DEC-196","01_drafting/governance/decisions/EDrill_Family_Bursary_Decision_Log.md","6. Award Value and Payment Decisions","| PAY-06 | Payroll treatment | For EDrill employees, the bursary is added as a line item on the employee's payslip and paid through normal payroll. The bursary payment is tax liable to the recipient, and the recipient is responsible for their own tax position. | Approved | Thailand Finance / Payroll / Committee | Routine payroll administration remains wit...","Already Decided / Needs Propagation","Minor","No action","EDrill employee payments go through normal payroll into the employee bank account as a payslip line item.","","Leave unchanged if wording already reflects known decision.","Already Answered"
"DEC-197","01_drafting/governance/decisions/EDrill_Family_Bursary_Decision_Log.md","6. Award Value and Payment Decisions","| PAY-07 | Tax treatment | Payments are tax liable to the recipient, and the recipient is responsible for their own tax position; documents must not state or imply tax-free or non-taxable treatment | Approved | Thailand Finance / Payroll / Committee | Approved internally for Phase 1 operation, subject to the approved controls in this document | Management...","Approval Evidence Needed","Administrative","Convert to approval evidence item","EDrill employee payments go through normal payroll into the employee bank account as a payslip line item.","What evidence, approver, and completion date should be recorded for this item?","Record completion evidence or keep as launch gate.","Needs Finance/Admin Evidence"
"DEC-198","01_drafting/governance/decisions/EDrill_Family_Bursary_Decision_Log.md","6. Award Value and Payment Decisions","| PAY-08 | Eligible expenses | Tuition, compulsory school fees, books, uniforms, required school materials | Provisional | HR / Finance | | Decision questionnaire default | |","Decision Needed","Minor","Decide","","Should this advisory or decision-like wording remain in the final issue version?","Update affected document after Alex/Committee answer.","Needs Alex Decision"
"DEC-199","01_drafting/governance/decisions/EDrill_Family_Bursary_Decision_Log.md","6. Award Value and Payment Decisions","| PAY-09 | Excluded expenses | Transport, meals, devices, tutoring unless expressly approved | Provisional | HR / Finance | | Decision questionnaire default | |","Warning / Control Text","Administrative","Keep as warning/control","","","Leave unchanged unless final policy tone requires shortening.","Keep"
"DEC-200","01_drafting/governance/decisions/EDrill_Family_Bursary_Decision_Log.md","6. Award Value and Payment Decisions","| PAY-10 | Costs below award value | Pay/reimburse evidenced eligible costs only, up to award limit | Provisional | Finance / HR | | Decision questionnaire default | |","Decision Needed","Minor","Decide","","Should this advisory or decision-like wording remain in the final issue version?","Update affected document after Alex/Committee answer.","Needs Alex Decision"
"DEC-201","01_drafting/governance/decisions/EDrill_Family_Bursary_Decision_Log.md","6. Award Value and Payment Decisions","| PAY-11 | Carry-forward | No carry-forward of unused award funds | Provisional | Finance / HR | | Decision questionnaire default | |","Decision Needed","Minor","Decide","","Should this advisory or decision-like wording remain in the final issue version?","Update affected document after Alex/Committee answer.","Needs Alex Decision"
"DEC-202","01_drafting/governance/decisions/EDrill_Family_Bursary_Decision_Log.md","7. Selection and Governance Decisions","| ID | Decision area | Current recommended position | Status | Accountable owner | Decision / final wording | Evidence/source | Date |","Decision Needed","Minor","Decide","","Should this advisory or decision-like wording remain in the final issue version?","Update affected document after Alex/Committee answer.","Needs Alex Decision"
"DEC-203","01_drafting/governance/decisions/EDrill_Family_Bursary_Decision_Log.md","7. Selection and Governance Decisions","| GOV-01 | Selection method | No further Marcus clarification is outstanding. If eligible applications exceed available bursary places, the Committee applies a means-tested, need-weighted assessment considering financial need and family circumstances. | Provisional | HR / Executive Sponsor | User confirmed no questions for Marcus and to move on | User cla...","Already Decided / Needs Propagation","Minor","No action","Phase 1 Committee is confirmed: Alex Maroske, Jacquline Ho, Malee Pasutharnchart, Luke Byrne, Sittikorn Intahkaew.","","Leave unchanged if wording already reflects known decision.","Already Answered"
"DEC-204","01_drafting/governance/decisions/EDrill_Family_Bursary_Decision_Log.md","7. Selection and Governance Decisions","| GOV-02 | Academic merit | Not used except minimum proof of enrolment/attendance | Provisional | HR / Executive Sponsor | | Decision questionnaire default | |","Decision Needed","Minor","Decide","","Should this advisory or decision-like wording remain in the final issue version?","Update affected document after Alex/Committee answer.","Needs Alex Decision"
"DEC-205","01_drafting/governance/decisions/EDrill_Family_Bursary_Decision_Log.md","7. Selection and Governance Decisions","| GOV-03 | Renewal | There is no automatic renewal and no automatic renewal priority. Each award year is a reset. Existing recipients may reapply and will be assessed under the same criteria as other applicants, subject to eligibility, available places, and annual approval. | Provisional | Executive Sponsor / HR | User confirmed annual reset, no automatic...","Already Decided / Needs Propagation","Major","Replace with confirmed wording","Annual reset; no automatic renewal and no automatic renewal priority.","","Keep annual reset wording and remove renewal priority wording.","Already Answered"
"DEC-206","01_drafting/governance/decisions/EDrill_Family_Bursary_Decision_Log.md","7. Selection and Governance Decisions","| GOV-04 | Renewal approach | Resolved: no automatic renewal priority. Prior award status should not create a preference or override need-based assessment. | Provisional | HR / Executive Sponsor | User confirmed yearly reset and no automatic priority | User clarification 2026-06-11 | 2026-06-11 |","Already Decided / Needs Propagation","Major","Replace with confirmed wording","Annual reset; no automatic renewal and no automatic renewal priority.","","Keep annual reset wording and remove renewal priority wording.","Already Answered"
"DEC-207","01_drafting/governance/decisions/EDrill_Family_Bursary_Decision_Log.md","7. Selection and Governance Decisions","| GOV-05 | Application anonymity | Finance/HR receives raw applications and Finance verifies salary eligibility internally; Committee receives anonymised applications where practicable | Approved | HR / Finance / Committee | Chairman/Committee-approved internal compliance position; no external legal advice obtained | Management decision 2026-06-11 | 2026-...","Warning / Control Text","Administrative","Keep as warning/control","Appeals go to the Chairman of the Committee.","","Leave unchanged unless final policy tone requires shortening.","Keep"
"DEC-208","01_drafting/governance/decisions/EDrill_Family_Bursary_Decision_Log.md","7. Selection and Governance Decisions","| GOV-06 | Appeal process | Rejected applicants may appeal to the Chairman of the Committee for review | Provisional | HR / Legal / Committee Chairman | User confirmed appeal route to Chairman | User clarification 2026-06-11 | 2026-06-11 |","Already Decided / Needs Propagation","Minor","No action","Phase 1 Committee is confirmed: Alex Maroske, Jacquline Ho, Malee Pasutharnchart, Luke Byrne, Sittikorn Intahkaew.","","Leave unchanged if wording already reflects known decision.","Already Answered"
"DEC-209","01_drafting/governance/decisions/EDrill_Family_Bursary_Decision_Log.md","7. Selection and Governance Decisions","| GOV-07 | Committee membership | Alex Maroske - Chairman; Jacquline Ho - Senior Finance Manager, Singapore; Malee Pasutharnchart - Office Manager / Finance, Thailand; Luke Byrne - Director of Operations, Thailand; Sittikorn Intahkaew - Regional QHSSE Manager | Approved | Executive Sponsor / HR / Committee | Phase 1 Bursary Committee membership confirmed ...","Already Decided / Needs Propagation","Minor","No action","No ROS activation and no fundraising in Phase 1.","","Leave unchanged if wording already reflects known decision.","Already Answered"
"DEC-210","01_drafting/governance/decisions/EDrill_Family_Bursary_Decision_Log.md","7. Selection and Governance Decisions","| GOV-08 | Committee appointment | Phase 1 Committee appointed as listed in GOV-07. Conflict-of-interest and confidentiality declarations are still required before review/decision activity. | Approved | Executive Sponsor / HR / Committee | Committee no longer treated as unappointed or provisional for membership | Management decision 2026-06-11 | 2026-06-11 |","Warning / Control Text","Administrative","Keep as warning/control","","","Leave unchanged unless final policy tone requires shortening.","Keep"
"DEC-211","01_drafting/governance/decisions/EDrill_Family_Bursary_Decision_Log.md","7. Selection and Governance Decisions","| GOV-09 | Conflict of interest and confidentiality process | Required for committee members and administrators before review/decision activity | Approved control | HR / Committee | Control remains required even though Committee membership is confirmed | Management decision 2026-06-11 | 2026-06-11 |","Warning / Control Text","Administrative","Keep as warning/control","Phase 1 Committee is confirmed: Alex Maroske, Jacquline Ho, Malee Pasutharnchart, Luke Byrne, Sittikorn Intahkaew.","","Leave unchanged unless final policy tone requires shortening.","Keep"
"DEC-212","01_drafting/governance/decisions/EDrill_Family_Bursary_Decision_Log.md","7. Selection and Governance Decisions","| GOV-10 | Annual review | Required after each award cycle | Provisional | HR / Executive Sponsor / Finance | | Setup brief / roadmap | |","Decision Needed","Minor","Decide","","Should this advisory or decision-like wording remain in the final issue version?","Update affected document after Alex/Committee answer.","Needs Alex Decision"
"DEC-213","01_drafting/governance/decisions/EDrill_Family_Bursary_Decision_Log.md","7. Selection and Governance Decisions","| GOV-11 | Employment or assignment cessation during award year | If an EDrill employee or labour-hire agency employee leaves or ceases assignment during the award year, continuation, suspension, or cessation of the award is decided case by case by the Committee, considering the circumstances of cessation and the needs of the family | Provisional | Commit...","Already Decided / Needs Propagation","Minor","No action","Phase 1 Committee is confirmed: Alex Maroske, Jacquline Ho, Malee Pasutharnchart, Luke Byrne, Sittikorn Intahkaew.","","Leave unchanged if wording already reflects known decision.","Already Answered"
"DEC-214","01_drafting/governance/decisions/EDrill_Family_Bursary_Decision_Log.md","8. Labour-Hire Agency Decisions","| ID | Decision area | Current recommended position | Status | Accountable owner | Decision / final wording | Evidence/source | Date |","Decision Needed","Minor","Decide","","Should this advisory or decision-like wording remain in the final issue version?","Update affected document after Alex/Committee answer.","Needs Alex Decision"
"DEC-215","01_drafting/governance/decisions/EDrill_Family_Bursary_Decision_Log.md","8. Labour-Hire Agency Decisions","| KO-01 | Labour-hire inclusion | Include eligible employees of the appointed labour-hire agency at the time of application who are assigned to EDrill rigs | Provisional | Executive Sponsor / Legal / Operations | User clarified agencies may change, so agency-neutral language is needed | User clarification 2026-06-11 | 2026-06-11 |","Already Decided / Needs Propagation","Minor","No action","Use: eligible employees of the appointed labour-hire agency at the time of application who are assigned to EDrill rigs.","","Leave unchanged if wording already reflects known decision.","Already Answered"
"DEC-216","01_drafting/governance/decisions/EDrill_Family_Bursary_Decision_Log.md","8. Labour-Hire Agency Decisions","| KO-02 | Continuous service requirement | Must have worked continuously for EDrill since 1 January 2025 | Provisional | Operations / labour-hire agency | | Email chain | |","Decision Needed","Minor","Decide","","Should this advisory or decision-like wording remain in the final issue version?","Update affected document after Alex/Committee answer.","Needs Alex Decision"
"DEC-217","01_drafting/governance/decisions/EDrill_Family_Bursary_Decision_Log.md","8. Labour-Hire Agency Decisions","| KO-03 | Employment verification | Labour-hire agency verifies employment; EDrill Operations verifies rig assignment and continuity | Provisional | Operations / Labour-hire agency | User confirmed labour-hire crew hold agency contracts | User clarification 2026-06-11 | 2026-06-11 |","Decision Needed","Minor","Decide","","Should this advisory or decision-like wording remain in the final issue version?","Update affected document after Alex/Committee answer.","Needs Alex Decision"
"DEC-218","01_drafting/governance/decisions/EDrill_Family_Bursary_Decision_Log.md","8. Labour-Hire Agency Decisions","| KO-04 | Labour-hire agency acknowledgement | Agency acknowledgement is required, but it should be practical: the agency uses its existing payroll/payment process and holds employee receipt or acknowledgement in the same practical way it handles salary/payment acknowledgement. | Approved | Operations / Finance / Committee / agency | EDrill may request co...","Warning / Control Text","Administrative","Keep as warning/control","EDrill employee payments go through normal payroll into the employee bank account as a payslip line item.","","Leave unchanged unless final policy tone requires shortening.","Keep"
"DEC-219","01_drafting/governance/decisions/EDrill_Family_Bursary_Decision_Log.md","8. Labour-Hire Agency Decisions","| KO-05 | Labour-hire wording | ""Eligible employees of the appointed labour-hire agency at the time of application who are assigned to EDrill rigs"" or equivalent | Approved | Committee / HR | Agency-neutral wording approved; do not use Kobchok as a fixed eligibility category | Management decision 2026-06-11 | 2026-06-11 |","Warning / Control Text","Administrative","Keep as warning/control","Use: eligible employees of the appointed labour-hire agency at the time of application who are assigned to EDrill rigs.","","Leave unchanged unless final policy tone requires shortening.","Keep"
"DEC-220","01_drafting/governance/decisions/EDrill_Family_Bursary_Decision_Log.md","8. Labour-Hire Agency Decisions","| KO-06 | Wording to avoid | Avoid ""our employees"" when referring to labour-hire agency staff | Provisional | Legal / HR / Communications | | Compliance action note | |","Already Decided / Needs Propagation","Minor","No action","Final communications still need pre-publication check.","","Leave unchanged if wording already reflects known decision.","Already Answered"
"DEC-221","01_drafting/governance/decisions/EDrill_Family_Bursary_Decision_Log.md","8. Labour-Hire Agency Decisions","| KO-07 | Payment route | EDMPL pays bursary funds to the appointed labour-hire agency at the time of application. The agency pays onward to its employee using its existing payroll/payment process, similar to salary handling. | Approved | Finance / Operations / Committee / agency | EDrill may request confirmation that onward payment was made | Management ...","Already Decided / Needs Propagation","Minor","No action","Funding entity is Energy Drilling Management Pte. Ltd. / EDMPL.","","Leave unchanged if wording already reflects known decision.","Already Answered"
"DEC-222","01_drafting/governance/decisions/EDrill_Family_Bursary_Decision_Log.md","9. Privacy, Records, and Communications Decisions","| ID | Decision area | Current recommended position | Status | Accountable owner | Decision / final wording | Evidence/source | Date |","Decision Needed","Minor","Decide","","Should this advisory or decision-like wording remain in the final issue version?","Update affected document after Alex/Committee answer.","Needs Alex Decision"
"DEC-223","01_drafting/governance/decisions/EDrill_Family_Bursary_Decision_Log.md","9. Privacy, Records, and Communications Decisions","| PR-01 | Privacy wording | Consent, confidentiality, data minimisation, anonymised committee review where practicable, and restricted access controls approved internally for Phase 1 | Approved | Chairman / Committee / HR | Chairman/Committee-approved internal compliance position; no external legal advice obtained. | Management decision 2026-06-11 | 2026-...","Warning / Control Text","Administrative","Keep as warning/control","Appeals go to the Chairman of the Committee.","","Leave unchanged unless final policy tone requires shortening.","Keep"
"DEC-224","01_drafting/governance/decisions/EDrill_Family_Bursary_Decision_Log.md","9. Privacy, Records, and Communications Decisions","| PR-02 | Data collected | Only necessary employee, child, school, relationship, salary, and evidence data | Approved | HR / Committee | Data minimisation control approved internally for Phase 1 | Management decision 2026-06-11 | 2026-06-11 |","Decision Needed","Minor","Decide","","Should this advisory or decision-like wording remain in the final issue version?","Update affected document after Alex/Committee answer.","Needs Alex Decision"
"DEC-225","01_drafting/governance/decisions/EDrill_Family_Bursary_Decision_Log.md","9. Privacy, Records, and Communications Decisions","| PR-03 | School verification | Allowed where applicant consent is obtained and verification is necessary for administration | Approved | HR / Committee | Keep verification practical and minimised | Management decision 2026-06-11 | 2026-06-11 |","Decision Needed","Minor","Decide","","Should this advisory or decision-like wording remain in the final issue version?","Update affected document after Alex/Committee answer.","Needs Alex Decision"
"DEC-226","01_drafting/governance/decisions/EDrill_Family_Bursary_Decision_Log.md","9. Privacy, Records, and Communications Decisions","| PR-04 | Cross-border data transfer | Singapore Committee members may review minimised/anonymised application packs where practicable; raw records remain restricted to authorised HR/Finance unless needed | Approved | Chairman / Committee / HR | Chairman/Committee-approved internal compliance position; no external legal advice obtained. | Management decis...","Warning / Control Text","Administrative","Keep as warning/control","No ROS activation and no fundraising in Phase 1.","","Leave unchanged unless final policy tone requires shortening.","Keep"
"DEC-227","01_drafting/governance/decisions/EDrill_Family_Bursary_Decision_Log.md","9. Privacy, Records, and Communications Decisions","| PR-05 | Retention period | Retain Bursary records for the period required for HR, payroll, audit, tax, and administration, using restricted access; Committee may set or update the retention period administratively | Approved control | Chairman / Committee / HR / Finance | Approved internally for Phase 1 operation, subject to the approved controls in thi...","Approval Evidence Needed","Administrative","Convert to approval evidence item","EDrill employee payments go through normal payroll into the employee bank account as a payslip line item.","What evidence, approver, and completion date should be recorded for this item?","Record completion evidence or keep as launch gate.","Needs Finance/Admin Evidence"
"DEC-228","01_drafting/governance/decisions/EDrill_Family_Bursary_Decision_Log.md","9. Privacy, Records, and Communications Decisions","| COM-01 | Internal launch message | Draft only after charter/SOP assumptions are settled | Provisional | HR / Executive Sponsor | | Roadmap | |","Already Decided / Needs Propagation","Minor","No action","Final communications still need pre-publication check.","","Leave unchanged if wording already reflects known decision.","Already Answered"
"DEC-229","01_drafting/governance/decisions/EDrill_Family_Bursary_Decision_Log.md","9. Privacy, Records, and Communications Decisions","| COM-02 | LinkedIn and corporate website post | Draft allowed; post effective 1 October only after final Chairman/Committee/Communications pre-publication check | Provisional | Executive Sponsor / Committee / Communications | Communications must contain no fundraising language, must not describe the Bursary as a charity, society, foundation, or ROS body,...","Approval Evidence Needed","Administrative","Convert to approval evidence item","No ROS activation and no fundraising in Phase 1.","What evidence, approver, and completion date should be recorded for this item?","Record completion evidence or keep as launch gate.","Needs Committee Approval"
"DEC-230","01_drafting/governance/decisions/EDrill_Family_Bursary_Decision_Log.md","9. Privacy, Records, and Communications Decisions","| COM-03 | Beneficiary names/photos | Do not publish without specific written consent | Approved control | Committee / Communications | Applies to child names, photos, school names, personal stories, and family circumstances | Management decision 2026-06-11 | 2026-06-11 |","Warning / Control Text","Administrative","Keep as warning/control","Final communications still need pre-publication check.","","Leave unchanged unless final policy tone requires shortening.","Keep"
"DEC-231","01_drafting/governance/decisions/EDrill_Family_Bursary_Decision_Log.md","10. Launch Gate Closure Tracker","| Thai labour/discretionary wording approved | Closed for Phase 1 internal operation | Chairman / Committee / HR | Approved internally for Phase 1 operation, subject to the approved controls in this document. | 2026-06-11 |","Approval Evidence Needed","Administrative","Convert to approval evidence item","Appeals go to the Chairman of the Committee.","What evidence, approver, and completion date should be recorded for this item?","Record completion evidence or keep as launch gate.","Needs Committee Approval"
"DEC-232","01_drafting/governance/decisions/EDrill_Family_Bursary_Decision_Log.md","10. Launch Gate Closure Tracker","| Selection method approved | Provisional | HR / Executive Sponsor | Need-weighted committee scoring recorded; final approval/sign-off still required | |","Decision Needed","Minor","Decide","","Should this advisory or decision-like wording remain in the final issue version?","Update affected document after Alex/Committee answer.","Needs Alex Decision"
"DEC-233","01_drafting/governance/decisions/EDrill_Family_Bursary_Decision_Log.md","10. Launch Gate Closure Tracker","| Committee appointed | Closed | Executive Sponsor / HR / Committee | Phase 1 Committee confirmed; conflict/confidentiality declarations still required before review/decision activity | 2026-06-11 |","Warning / Control Text","Administrative","Keep as warning/control","Phase 1 Committee is confirmed: Alex Maroske, Jacquline Ho, Malee Pasutharnchart, Luke Byrne, Sittikorn Intahkaew.","","Leave unchanged unless final policy tone requires shortening.","Keep"
"DEC-234","01_drafting/governance/decisions/EDrill_Family_Bursary_Decision_Log.md","10. Launch Gate Closure Tracker","| Internal communication approved | Open | Executive Sponsor / HR / Committee / Communications | Final pre-publication check required | |","Approval Evidence Needed","Administrative","Convert to approval evidence item","Final communications still need pre-publication check.","What evidence, approver, and completion date should be recorded for this item?","Record completion evidence or keep as launch gate.","Needs Committee Approval"
"DEC-235","01_drafting/governance/decisions/EDrill_Family_Bursary_Decision_Log.md","10. Launch Gate Closure Tracker","| LinkedIn/corporate website communication approved | Open | Executive Sponsor / Committee / Communications | Final pre-publication check required | |","Approval Evidence Needed","Administrative","Convert to approval evidence item","Final communications still need pre-publication check.","What evidence, approver, and completion date should be recorded for this item?","Record completion evidence or keep as launch gate.","Needs Committee Approval"
"DEC-236","01_drafting/governance/decisions/EDrill_Family_Bursary_Decision_Log.md","11. Assumption Register For Drafting","| A-05 | No public fundraising at Phase 1 | LinkedIn, internal communications | Regulatory exposure in Singapore | Legal / Executive Sponsor | Provisional |","Already Decided / Needs Propagation","Minor","No action","No ROS activation and no fundraising in Phase 1.","","Leave unchanged if wording already reflects known decision.","Already Answered"
"DEC-237","01_drafting/governance/decisions/EDrill_Family_Bursary_Decision_Log.md","11. Assumption Register For Drafting","| A-06 | There is no automatic renewal and no automatic renewal priority; each award year is a reset | Charter, SOP, award letter | Entitlement expectation | HR / Legal | Provisional |","Already Decided / Needs Propagation","Major","Replace with confirmed wording","Annual reset; no automatic renewal and no automatic renewal priority.","","Keep annual reset wording and remove renewal priority wording.","Already Answered"
"DEC-238","01_drafting/governance/decisions/EDrill_Family_Bursary_Decision_Log.md","12. Change Log","| 2026-06-11 | Initial decision log created | ChatGPT | Based on setup brief, decision questionnaire, compliance action note, and roadmap |","Decision Needed","Minor","Decide","","Should this advisory or decision-like wording remain in the final issue version?","Update affected document after Alex/Committee answer.","Needs Alex Decision"
"DEC-239","01_drafting/governance/decisions/EDrill_Family_Bursary_Decision_Log.md","12. Change Log","| 2026-06-11 | Phase 1 blocker decisions incorporated | ChatGPT | Closed or reclassified committee appointment, EDMPL funding entity, payroll/payment mechanics, internal compliance approval, and labour-hire agency payment model; final communications approval remains open |","Approval Evidence Needed","Administrative","Convert to approval evidence item","Funding entity is Energy Drilling Management Pte. Ltd. / EDMPL.","What evidence, approver, and completion date should be recorded for this item?","Record completion evidence or keep as launch gate.","Needs Finance/Admin Evidence"
"DEC-240","01_drafting/governance/decisions/EDrill_Family_Bursary_Document_Register_and_Roadmap.md","1. Current Project Position","- Historical/reference questionnaire. Later Decision Log entries supersede any older open-question wording.","Approval Evidence Needed","Administrative","Convert to approval evidence item","","What evidence, approver, and completion date should be recorded for this item?","Record completion evidence or keep as launch gate.","Needs Committee Approval"
"DEC-241","01_drafting/governance/decisions/EDrill_Family_Bursary_Document_Register_and_Roadmap.md","1. Current Project Position","Confirmed Phase 1 management decisions have closed or reclassified the earlier funding entity, payroll/payment route, committee appointment, internal privacy/consent, and labour-hire payment model blockers. The document pack remains in draft locations and should not be treated as operational until document approval, launch evidence/admin setup, agency par...","Approval Evidence Needed","Administrative","Convert to approval evidence item","Funding entity is Energy Drilling Management Pte. Ltd. / EDMPL.","What evidence, approver, and completion date should be recorded for this item?","Record completion evidence or keep as launch gate.","Needs Finance/Admin Evidence"
"DEC-242","01_drafting/governance/decisions/EDrill_Family_Bursary_Document_Register_and_Roadmap.md","2. Working Principle","Phase 1 should be an internal company-funded discretionary education bursary for eligible families connected with EDrill Thailand operations.","Decision Needed","Minor","Decide","","Should this advisory or decision-like wording remain in the final issue version?","Update affected document after Alex/Committee answer.","Needs Alex Decision"
"DEC-243","01_drafting/governance/decisions/EDrill_Family_Bursary_Document_Register_and_Roadmap.md","2. Working Principle","Phase 1 should not be presented as:","Decision Needed","Minor","Decide","","Should this advisory or decision-like wording remain in the final issue version?","Update affected document after Alex/Committee answer.","Needs Alex Decision"
"DEC-244","01_drafting/governance/decisions/EDrill_Family_Bursary_Document_Register_and_Roadmap.md","A. Current Foundation Documents","| A1 | Setup Brief and Decision Register | Created | Establishes known facts, assumptions, and architecture | Use as source of truth until decisions are answered |","Decision Needed","Minor","Decide","","Should this advisory or decision-like wording remain in the final issue version?","Update affected document after Alex/Committee answer.","Needs Alex Decision"
"DEC-245","01_drafting/governance/decisions/EDrill_Family_Bursary_Document_Register_and_Roadmap.md","A. Current Foundation Documents","| A2 | Decision Questionnaire | Reference only | Historical decision collection tool | Use Decision Log as current source of truth |","Decision Needed","Minor","Decide","","Should this advisory or decision-like wording remain in the final issue version?","Update affected document after Alex/Committee answer.","Needs Alex Decision"
"DEC-246","01_drafting/governance/decisions/EDrill_Family_Bursary_Document_Register_and_Roadmap.md","A. Current Foundation Documents","| A3 | Legal and Compliance Action Note | Reference / internal compliance | Defines controls and legal/tax/privacy considerations | Use with Decision Log; no external legal advice obtained |","Warning / Control Text","Administrative","Keep as warning/control","Chairman/Committee-approved internal compliance position; no external legal advice obtained.","","Leave unchanged unless final policy tone requires shortening.","Keep"
"DEC-247","01_drafting/governance/decisions/EDrill_Family_Bursary_Document_Register_and_Roadmap.md","A. Current Foundation Documents","| A8 | Launch Evidence File Register | Created | Defines evidence records and access boundaries | Use before applications open |","Approval Evidence Needed","Administrative","Convert to approval evidence item","","What evidence, approver, and completion date should be recorded for this item?","Record completion evidence or keep as launch gate.","Needs Finance/Admin Evidence"
"DEC-248","01_drafting/governance/decisions/EDrill_Family_Bursary_Document_Register_and_Roadmap.md","B. Phase 1 Governing Documents","| B3 | Eligibility and Selection Rules | Drafted for review | Eligibility definitions and scoring method | Draft created as `EDrill_Family_Bursary_Eligibility_and_Selection_Rules_DRAFT.md`; not for issue until launch gates close |","Approval Evidence Needed","Administrative","Convert to approval evidence item","","What evidence, approver, and completion date should be recorded for this item?","Record completion evidence or keep as launch gate.","Needs Committee Approval"
"DEC-249","01_drafting/governance/decisions/EDrill_Family_Bursary_Document_Register_and_Roadmap.md","C. Phase 1 Forms and Templates","| C11 | Finance / Payroll Position Template | Reclassified | Payroll administration record if helpful | Not a policy blocker after management decision |","Already Decided / Needs Propagation","Minor","No action","EDrill employee payments go through normal payroll into the employee bank account as a payslip line item.","","Leave unchanged if wording already reflects known decision.","Already Answered"
"DEC-250","01_drafting/governance/decisions/EDrill_Family_Bursary_Document_Register_and_Roadmap.md","D. Communications","| D2 | Internal Launch Message | Drafted for review | Approved charter and launch date | Draft created as `EDrill_Family_Bursary_Internal_Launch_Message_DRAFT.md`; not for issue until launch gates close |","Approval Evidence Needed","Administrative","Convert to approval evidence item","Final communications still need pre-publication check.","What evidence, approver, and completion date should be recorded for this item?","Record completion evidence or keep as launch gate.","Needs Committee Approval"
"DEC-251","01_drafting/governance/decisions/EDrill_Family_Bursary_Document_Register_and_Roadmap.md","D. Communications","| D5 | FAQ for Employees | Drafted for review | Procedure and eligibility rules | Draft created as `EDrill_Family_Bursary_Employee_FAQ_DRAFT.md`; not for issue until launch gates close |","Approval Evidence Needed","Administrative","Convert to approval evidence item","","What evidence, approver, and completion date should be recorded for this item?","Record completion evidence or keep as launch gate.","Needs Committee Approval"
"DEC-252","01_drafting/governance/decisions/EDrill_Family_Bursary_Document_Register_and_Roadmap.md","E. Future Phase 2 Documents","These are not required for Phase 1 launch but should remain in the long-term file.","Decision Needed","Minor","Decide","","Should this advisory or decision-like wording remain in the final issue version?","Update affected document after Alex/Committee answer.","Needs Alex Decision"
"DEC-253","01_drafting/governance/decisions/EDrill_Family_Bursary_Document_Register_and_Roadmap.md","4. Launch Gate Register","| Thai labour / discretionary wording | Closed for Phase 1 internal operation | Chairman / Committee / HR | Approved internally for Phase 1 operation, subject to the approved controls in this document. |","Approval Evidence Needed","Administrative","Convert to approval evidence item","Appeals go to the Chairman of the Committee.","What evidence, approver, and completion date should be recorded for this item?","Record completion evidence or keep as launch gate.","Needs Committee Approval"
"DEC-254","01_drafting/governance/decisions/EDrill_Family_Bursary_Document_Register_and_Roadmap.md","4. Launch Gate Register","| Communications approval | Open | Sponsor / HR / Committee / Communications | Final pre-publication check |","Approval Evidence Needed","Administrative","Convert to approval evidence item","Final communications still need pre-publication check.","What evidence, approver, and completion date should be recorded for this item?","Record completion evidence or keep as launch gate.","Needs Committee Approval"
"DEC-255","01_drafting/governance/decisions/EDrill_Family_Bursary_Document_Register_and_Roadmap.md","4. Launch Gate Register","| Launch workplan approved | Open | Executive Sponsor / HR | Approved Launch Workplan and RACI |","Approval Evidence Needed","Administrative","Convert to approval evidence item","","What evidence, approver, and completion date should be recorded for this item?","Record completion evidence or keep as launch gate.","Needs Committee Approval"
"DEC-256","01_drafting/governance/decisions/EDrill_Family_Bursary_Document_Register_and_Roadmap.md","4. Launch Gate Register","| Launch evidence file established | Open | HR / Finance / Legal | Evidence file register and secure storage route |","Approval Evidence Needed","Administrative","Convert to approval evidence item","","What evidence, approver, and completion date should be recorded for this item?","Record completion evidence or keep as launch gate.","Needs Finance/Admin Evidence"
"DEC-257","01_drafting/governance/decisions/EDrill_Family_Bursary_Document_Register_and_Roadmap.md","Stage 1 - Decision Closure","1. Use the Decision Log as the current source of truth.","Decision Needed","Minor","Decide","","Should this advisory or decision-like wording remain in the final issue version?","Update affected document after Alex/Committee answer.","Needs Alex Decision"
"DEC-258","01_drafting/governance/decisions/EDrill_Family_Bursary_Document_Register_and_Roadmap.md","Stage 1 - Decision Closure","8. Record decisions in a single approved decision log.","Decision Needed","Minor","Decide","","Should this advisory or decision-like wording remain in the final issue version?","Update affected document after Alex/Committee answer.","Needs Alex Decision"
"DEC-259","01_drafting/governance/decisions/EDrill_Family_Bursary_Document_Register_and_Roadmap.md","Stage 1 - Decision Closure","- Updated Decision Log.","Decision Needed","Minor","Decide","","Should this advisory or decision-like wording remain in the final issue version?","Update affected document after Alex/Committee answer.","Needs Alex Decision"
"DEC-260","01_drafting/governance/decisions/EDrill_Family_Bursary_Document_Register_and_Roadmap.md","Stage 1 - Decision Closure","- Completed labour-hire agency acknowledgement, if applicable.","Wording Choice","Minor","Decide","","Which wording or option should be retained in the final issue version?","Remove alternatives and retain the selected wording.","Needs Alex Decision"
"DEC-261","01_drafting/governance/decisions/EDrill_Family_Bursary_Document_Register_and_Roadmap.md","Stage 2 - Draft Phase 1 Document Pack","6. Draft Labour-Hire Agency Participation Appendix, if applicable.","Wording Choice","Minor","Decide","","Which wording or option should be retained in the final issue version?","Remove alternatives and retain the selected wording.","Needs Alex Decision"
"DEC-262","01_drafting/governance/decisions/EDrill_Family_Bursary_Document_Register_and_Roadmap.md","Stage 4 - Launch Preparation","2. Issue conflict of interest and confidentiality declarations before review/decision activity.","Warning / Control Text","Administrative","Keep as warning/control","","","Leave unchanged unless final policy tone requires shortening.","Keep"
"DEC-263","01_drafting/governance/decisions/EDrill_Family_Bursary_Document_Register_and_Roadmap.md","Stage 5 - First Award Cycle","1. Open applications.","Approval Evidence Needed","Administrative","Convert to approval evidence item","","What evidence, approver, and completion date should be recorded for this item?","Record completion evidence or keep as launch gate.","Needs Committee Approval"
"DEC-264","01_drafting/governance/decisions/EDrill_Family_Bursary_Document_Register_and_Roadmap.md","Stage 5 - First Award Cycle","- Decision records.","Decision Needed","Minor","Decide","","Should this advisory or decision-like wording remain in the final issue version?","Update affected document after Alex/Committee answer.","Needs Alex Decision"
"DEC-265","01_drafting/governance/decisions/EDrill_Family_Bursary_Document_Register_and_Roadmap.md","Stage 6 - Annual Review","4. Review whether Myanmar or other locations should be considered.","Already Decided / Needs Propagation","Minor","No action","Phase 1 is Thailand-only; future expansion is later review only.","","Leave unchanged if wording already reflects known decision.","Already Answered"
"DEC-266","01_drafting/governance/decisions/EDrill_Family_Bursary_Document_Register_and_Roadmap.md","6. Drafting Rules For The Next Stage","When formal drafting begins, every document should:","Decision Needed","Minor","Decide","","Should this advisory or decision-like wording remain in the final issue version?","Update affected document after Alex/Committee answer.","Needs Alex Decision"
"DEC-267","01_drafting/governance/decisions/EDrill_Family_Bursary_Document_Register_and_Roadmap.md","6. Drafting Rules For The Next Stage","- state that payment is subject to continued eligibility and evidence;","Approval Evidence Needed","Administrative","Convert to approval evidence item","","What evidence, approver, and completion date should be recorded for this item?","Record completion evidence or keep as launch gate.","Needs Finance/Admin Evidence"
"DEC-268","01_drafting/governance/decisions/EDrill_Family_Bursary_Document_Register_and_Roadmap.md","6. Drafting Rules For The Next Stage","- preserve the future option to restructure the scheme if it grows.","Wording Choice","Minor","Decide","","Which wording or option should be retained in the final issue version?","Remove alternatives and retain the selected wording.","Needs Alex Decision"
"DEC-269","01_drafting/governance/decisions/EDrill_Family_Bursary_Document_Register_and_Roadmap.md","7. Recommended File Structure For GitHub / Codex Work","decision-questionnaire.md","Decision Needed","Minor","Decide","","Should this advisory or decision-like wording remain in the final issue version?","Update affected document after Alex/Committee answer.","Needs Alex Decision"
"DEC-270","01_drafting/governance/decisions/EDrill_Family_Bursary_Document_Register_and_Roadmap.md","7. Recommended File Structure For GitHub / Codex Work","decision-log.md","Decision Needed","Minor","Decide","","Should this advisory or decision-like wording remain in the final issue version?","Update affected document after Alex/Committee answer.","Needs Alex Decision"
"DEC-271","01_drafting/governance/decisions/EDrill_Family_Bursary_Document_Register_and_Roadmap.md","8. Immediate Next Action","The next best action is to finalise the draft document pack against the Decision Log, complete conflict/confidentiality declarations before review activity, set up the launch evidence file, complete any required agency acknowledgement, and run the final communications pre-publication check.","Approval Evidence Needed","Administrative","Convert to approval evidence item","Final communications still need pre-publication check.","What evidence, approver, and completion date should be recorded for this item?","Record completion evidence or keep as launch gate.","Needs Finance/Admin Evidence"
"DEC-272","01_drafting/governance/decisions/EDrill_Family_Bursary_Document_Register_and_Roadmap.md","8. Immediate Next Action","Do not begin issuing final award documents until the launch gate register in section 4 is closed.","Approval Evidence Needed","Administrative","Convert to approval evidence item","","What evidence, approver, and completion date should be recorded for this item?","Record completion evidence or keep as launch gate.","Needs Committee Approval"
"DEC-273","01_drafting/governance/decisions/EDrill_Family_Bursary_Final_Issue_Approval_Record.md","The EDrill Family Bursary - Final Issue Approval Record","This record does not launch the Bursary, open applications, approve awards, or authorise publication. The Bursary is not operational until this record, the 2026-2027 Launch Evidence Register, and the Launch Approval Checklist are completed.","Approval Evidence Needed","Administrative","Convert to approval evidence item","","What evidence, approver, and completion date should be recorded for this item?","Record completion evidence or keep as launch gate.","Needs Finance/Admin Evidence"
"DEC-274","01_drafting/governance/decisions/EDrill_Family_Bursary_Final_Issue_Approval_Record.md","2. Documents To Be Issued","| 1 | Bursary Charter | `01_drafting/policy/draft/EDrill_Family_Bursary_Charter_DRAFT.md` | | | Open |","Approval Evidence Needed","Administrative","Convert to approval evidence item","","What evidence, approver, and completion date should be recorded for this item?","Record completion evidence or keep as launch gate.","Needs Committee Approval"
"DEC-275","01_drafting/governance/decisions/EDrill_Family_Bursary_Final_Issue_Approval_Record.md","2. Documents To Be Issued","| 2 | Procedure / SOP | `01_drafting/policy/draft/EDrill_Family_Bursary_Procedure_SOP_DRAFT.md` | | | Open |","Approval Evidence Needed","Administrative","Convert to approval evidence item","","What evidence, approver, and completion date should be recorded for this item?","Record completion evidence or keep as launch gate.","Needs Committee Approval"
"DEC-276","01_drafting/governance/decisions/EDrill_Family_Bursary_Final_Issue_Approval_Record.md","2. Documents To Be Issued","| 3 | Eligibility and Selection Rules | `01_drafting/eligibility-criteria/draft/EDrill_Family_Bursary_Eligibility_and_Selection_Rules_DRAFT.md` | | | Open |","Approval Evidence Needed","Administrative","Convert to approval evidence item","","What evidence, approver, and completion date should be recorded for this item?","Record completion evidence or keep as launch gate.","Needs Committee Approval"
"DEC-277","01_drafting/governance/decisions/EDrill_Family_Bursary_Final_Issue_Approval_Record.md","2. Documents To Be Issued","| 4 | Application Form | `01_drafting/application-form/draft/EDrill_Family_Bursary_Application_Form_DRAFT.md` | | | Open |","Approval Evidence Needed","Administrative","Convert to approval evidence item","","What evidence, approver, and completion date should be recorded for this item?","Record completion evidence or keep as launch gate.","Needs Committee Approval"
"DEC-278","01_drafting/governance/decisions/EDrill_Family_Bursary_Final_Issue_Approval_Record.md","2. Documents To Be Issued","| 5 | Applicant Declaration and Consent | `01_drafting/application-form/draft/EDrill_Family_Bursary_Applicant_Declaration_and_Consent_DRAFT.md` | | | Open |","Approval Evidence Needed","Administrative","Convert to approval evidence item","","What evidence, approver, and completion date should be recorded for this item?","Record completion evidence or keep as launch gate.","Needs Committee Approval"
"DEC-279","01_drafting/governance/decisions/EDrill_Family_Bursary_Final_Issue_Approval_Record.md","2. Documents To Be Issued","| 6 | Evidence Checklist | `01_drafting/application-form/draft/EDrill_Family_Bursary_Evidence_Checklist_DRAFT.md` | | | Open |","Approval Evidence Needed","Administrative","Convert to approval evidence item","","What evidence, approver, and completion date should be recorded for this item?","Record completion evidence or keep as launch gate.","Needs Finance/Admin Evidence"
"DEC-280","01_drafting/governance/decisions/EDrill_Family_Bursary_Final_Issue_Approval_Record.md","2. Documents To Be Issued","| 7 | Payment and Evidence Rules | `01_drafting/internal-hr-guidance/draft/EDrill_Family_Bursary_Payment_and_Evidence_Rules_DRAFT.md` | | | Open |","Approval Evidence Needed","Administrative","Convert to approval evidence item","","What evidence, approver, and completion date should be recorded for this item?","Record completion evidence or keep as launch gate.","Needs Finance/Admin Evidence"
"DEC-281","01_drafting/governance/decisions/EDrill_Family_Bursary_Final_Issue_Approval_Record.md","2. Documents To Be Issued","| 8 | Privacy and Records Appendix | `01_drafting/internal-hr-guidance/draft/EDrill_Family_Bursary_Privacy_and_Records_Appendix_DRAFT.md` | | | Open |","Approval Evidence Needed","Administrative","Convert to approval evidence item","","What evidence, approver, and completion date should be recorded for this item?","Record completion evidence or keep as launch gate.","Needs Committee Approval"
"DEC-282","01_drafting/governance/decisions/EDrill_Family_Bursary_Final_Issue_Approval_Record.md","2. Documents To Be Issued","| 9 | Labour-Hire Agency Participation Appendix, if applicable | `01_drafting/internal-hr-guidance/draft/EDrill_Family_Bursary_Kobchok_Participation_Appendix_DRAFT.md` | | | Open |","Approval Evidence Needed","Administrative","Convert to approval evidence item","Use: eligible employees of the appointed labour-hire agency at the time of application who are assigned to EDrill rigs.","What evidence, approver, and completion date should be recorded for this item?","Record completion evidence or keep as launch gate.","Needs Committee Approval"
"DEC-283","01_drafting/governance/decisions/EDrill_Family_Bursary_Final_Issue_Approval_Record.md","2. Documents To Be Issued","| 10 | Committee Review Sheet | `01_drafting/committee-terms-of-reference/draft/EDrill_Family_Bursary_Committee_Review_Sheet_DRAFT.md` | | | Open |","Approval Evidence Needed","Administrative","Convert to approval evidence item","","What evidence, approver, and completion date should be recorded for this item?","Record completion evidence or keep as launch gate.","Needs Committee Approval"
"DEC-284","01_drafting/governance/decisions/EDrill_Family_Bursary_Final_Issue_Approval_Record.md","2. Documents To Be Issued","| 11 | Conflict and Confidentiality Declaration | `templates/EDrill_Family_Bursary_Committee_Conflict_and_Confidentiality_Declaration_TEMPLATE.md` | | | Open |","Approval Evidence Needed","Administrative","Convert to approval evidence item","","What evidence, approver, and completion date should be recorded for this item?","Record completion evidence or keep as launch gate.","Needs Committee Approval"
"DEC-285","01_drafting/governance/decisions/EDrill_Family_Bursary_Final_Issue_Approval_Record.md","2. Documents To Be Issued","| 12 | Labour-Hire Agency Onward Payment Acknowledgement, if applicable | `templates/EDrill_Family_Bursary_Labour_Hire_Agency_Onward_Payment_Acknowledgement_TEMPLATE.md` | | | Open |","Approval Evidence Needed","Administrative","Convert to approval evidence item","Labour-hire agency receives funds from EDMPL and pays onward using existing payroll/payment process; receipt/acknowledgement handled like salary/payment acknowledgement.","What evidence, approver, and completion date should be recorded for this item?","Record completion evidence or keep as launch gate.","Needs Finance/Admin Evidence"
"DEC-286","01_drafting/governance/decisions/EDrill_Family_Bursary_Final_Issue_Approval_Record.md","2. Documents To Be Issued","| 13 | Award Letter Template | `templates/EDrill_Family_Bursary_Award_Letter_Template_DRAFT.md` | | | Open |","Approval Evidence Needed","Administrative","Convert to approval evidence item","","What evidence, approver, and completion date should be recorded for this item?","Record completion evidence or keep as launch gate.","Needs Committee Approval"
"DEC-287","01_drafting/governance/decisions/EDrill_Family_Bursary_Final_Issue_Approval_Record.md","2. Documents To Be Issued","| 14 | Unsuccessful Application Letter | `templates/EDrill_Family_Bursary_Unsuccessful_Application_Letter_DRAFT.md` | | | Open |","Approval Evidence Needed","Administrative","Convert to approval evidence item","","What evidence, approver, and completion date should be recorded for this item?","Record completion evidence or keep as launch gate.","Needs Committee Approval"
"DEC-288","01_drafting/governance/decisions/EDrill_Family_Bursary_Final_Issue_Approval_Record.md","2. Documents To Be Issued","| 15 | Appeal / Exception Request Form | `templates/EDrill_Family_Bursary_Appeal_Exception_Request_Form_DRAFT.md` | | | Open |","Approval Evidence Needed","Administrative","Convert to approval evidence item","Appeals go to the Chairman of the Committee.","What evidence, approver, and completion date should be recorded for this item?","Record completion evidence or keep as launch gate.","Needs Committee Approval"
"DEC-289","01_drafting/governance/decisions/EDrill_Family_Bursary_Final_Issue_Approval_Record.md","3. Final Checks Before Approval","| Document names and version dates checked | Open | |","Approval Evidence Needed","Administrative","Convert to approval evidence item","","What evidence, approver, and completion date should be recorded for this item?","Record completion evidence or keep as launch gate.","Needs Committee Approval"
"DEC-290","01_drafting/governance/decisions/EDrill_Family_Bursary_Final_Issue_Approval_Record.md","3. Final Checks Before Approval","| Draft paths match issue list | Open | |","Approval Evidence Needed","Administrative","Convert to approval evidence item","","What evidence, approver, and completion date should be recorded for this item?","Record completion evidence or keep as launch gate.","Needs Committee Approval"
"DEC-291","01_drafting/governance/decisions/EDrill_Family_Bursary_Final_Issue_Approval_Record.md","3. Final Checks Before Approval","| Policy substance matches Decision Log | Open | |","Approval Evidence Needed","Administrative","Convert to approval evidence item","","What evidence, approver, and completion date should be recorded for this item?","Record completion evidence or keep as launch gate.","Needs Committee Approval"
"DEC-292","01_drafting/governance/decisions/EDrill_Family_Bursary_Final_Issue_Approval_Record.md","3. Final Checks Before Approval","| No fundraising, charity, society, foundation, or ROS wording introduced | Open | |","Approval Evidence Needed","Administrative","Convert to approval evidence item","No ROS activation and no fundraising in Phase 1.","What evidence, approver, and completion date should be recorded for this item?","Record completion evidence or keep as launch gate.","Needs Committee Approval"
"DEC-293","01_drafting/governance/decisions/EDrill_Family_Bursary_Final_Issue_Approval_Record.md","3. Final Checks Before Approval","| No tax-free or non-taxable claim introduced | Open | |","Approval Evidence Needed","Administrative","Convert to approval evidence item","Bursary payments are tax liable to the recipient; recipient handles their own tax position.","What evidence, approver, and completion date should be recorded for this item?","Record completion evidence or keep as launch gate.","Needs Committee Approval"
"DEC-294","01_drafting/governance/decisions/EDrill_Family_Bursary_Final_Issue_Approval_Record.md","3. Final Checks Before Approval","| No guaranteed entitlement wording introduced | Open | |","Approval Evidence Needed","Administrative","Convert to approval evidence item","","What evidence, approver, and completion date should be recorded for this item?","Record completion evidence or keep as launch gate.","Needs Committee Approval"
"DEC-295","01_drafting/governance/decisions/EDrill_Family_Bursary_Final_Issue_Approval_Record.md","3. Final Checks Before Approval","| Child/family confidentiality controls retained | Open | |","Approval Evidence Needed","Administrative","Convert to approval evidence item","","What evidence, approver, and completion date should be recorded for this item?","Record completion evidence or keep as launch gate.","Needs Committee Approval"
"DEC-296","01_drafting/governance/decisions/EDrill_Family_Bursary_Final_Issue_Approval_Record.md","3. Final Checks Before Approval","| Final communications approval remains separate | Open | |","Approval Evidence Needed","Administrative","Convert to approval evidence item","Final communications still need pre-publication check.","What evidence, approver, and completion date should be recorded for this item?","Record completion evidence or keep as launch gate.","Needs Committee Approval"
"DEC-297","01_drafting/governance/decisions/EDrill_Family_Bursary_Final_Issue_Approval_Record.md","4. Approval","| Communications, if applicable | | | | |","Wording Choice","Minor","Decide","Final communications still need pre-publication check.","Which wording or option should be retained in the final issue version?","Remove alternatives and retain the selected wording.","Needs Alex Decision"
"DEC-298","01_drafting/governance/decisions/EDrill_Family_Bursary_Final_Issue_Approval_Record.md","5. Final Issue Decision","| Date approved documents moved, if applicable | |","Wording Choice","Minor","Decide","","Which wording or option should be retained in the final issue version?","Remove alternatives and retain the selected wording.","Needs Alex Decision"
"DEC-299","01_drafting/governance/decisions/EDrill_Family_Bursary_Final_Issue_Audit.md","EDrill Family Bursary - Final Issue Audit","This audit does not launch the Bursary, move any document to an approved folder, open applications, or authorise publication. Documents remain draft until the Final Issue Approval Record is completed and the remaining launch evidence gates are closed.","Approval Evidence Needed","Administrative","Convert to approval evidence item","","What evidence, approver, and completion date should be recorded for this item?","Record completion evidence or keep as launch gate.","Needs Finance/Admin Evidence"
"DEC-300","01_drafting/governance/decisions/EDrill_Family_Bursary_Final_Issue_Audit.md","1. Executive Summary","No critical blocker or major correction was identified. One minor wording correction was made to the Committee Review Sheet so the recommended payment route reflects the approved EDrill payroll route and labour-hire agency onward payment route, rather than older generic direct-to-school or reimbursement wording.","Already Decided / Needs Propagation","Minor","No action","EDrill employee payments go through normal payroll into the employee bank account as a payslip line item.","","Leave unchanged if wording already reflects known decision.","Already Answered"
"DEC-301","01_drafting/governance/decisions/EDrill_Family_Bursary_Final_Issue_Audit.md","Minor Wording","- `01_drafting/committee-terms-of-reference/draft/EDrill_Family_Bursary_Committee_Review_Sheet_DRAFT.md` previously listed the recommended payment route as ""Direct to school / reimbursement / other"". This was updated to ""EDrill employee payroll-session bank payment / labour-hire agency onward payment / approved exception"" to match the confirmed payment mo...","Already Decided / Needs Propagation","Minor","No action","Phase 1 Committee is confirmed: Alex Maroske, Jacquline Ho, Malee Pasutharnchart, Luke Byrne, Sittikorn Intahkaew.","","Leave unchanged if wording already reflects known decision.","Already Answered"
"DEC-302","01_drafting/governance/decisions/EDrill_Family_Bursary_Final_Issue_Audit.md","No Issue","The Committee review process is usable and clear: eligibility screening, conflict checks, need-weighted assessment, tie-breakers, recommendation recording, and escalation routes are documented.","Decision Needed","Minor","Decide","","Should this advisory or decision-like wording remain in the final issue version?","Update affected document after Alex/Committee answer.","Needs Alex Decision"
"DEC-303","01_drafting/governance/decisions/EDrill_Family_Bursary_Final_Issue_Audit.md","4. Recommended Files to Promote to Approved","Subject to completion of the Final Issue Approval Record, the following files are suitable to promote from draft to their relevant approved document locations:","Approval Evidence Needed","Administrative","Convert to approval evidence item","","What evidence, approver, and completion date should be recorded for this item?","Record completion evidence or keep as launch gate.","Needs Committee Approval"
"DEC-304","01_drafting/governance/decisions/EDrill_Family_Bursary_Final_Issue_Audit.md","5. Files That Should Remain Draft, Template, or Future","The following should remain draft until final pre-publication communications approval is complete:","Approval Evidence Needed","Administrative","Convert to approval evidence item","Final communications still need pre-publication check.","What evidence, approver, and completion date should be recorded for this item?","Record completion evidence or keep as launch gate.","Needs Committee Approval"
"DEC-305","01_drafting/governance/decisions/EDrill_Family_Bursary_Final_Issue_Audit.md","5. Files That Should Remain Draft, Template, or Future","The following should remain templates and be completed only as needed:","Decision Needed","Minor","Decide","","Should this advisory or decision-like wording remain in the final issue version?","Update affected document after Alex/Committee answer.","Needs Alex Decision"
"DEC-306","01_drafting/governance/decisions/EDrill_Family_Bursary_Final_Issue_Audit.md","5. Files That Should Remain Draft, Template, or Future","The following should remain governance or operational control records rather than be treated as programme policy:","Decision Needed","Minor","Decide","","Should this advisory or decision-like wording remain in the final issue version?","Update affected document after Alex/Committee answer.","Needs Alex Decision"
"DEC-307","01_drafting/governance/decisions/EDrill_Family_Bursary_Final_Issue_Audit.md","5. Files That Should Remain Draft, Template, or Future","Open-question, due-diligence, and historical decision-support files should remain reference-only or future-review material where they are already marked as superseded by the Decision Log.","Approval Evidence Needed","Administrative","Convert to approval evidence item","","What evidence, approver, and completion date should be recorded for this item?","Record completion evidence or keep as launch gate.","Needs Committee Approval"
"DEC-308","01_drafting/governance/decisions/EDrill_Family_Bursary_Final_Issue_Audit.md","6. Remaining Gates Before Actual Launch","The Bursary should not be treated as launched or operational until the following gates are completed:","Decision Needed","Minor","Decide","","Should this advisory or decision-like wording remain in the final issue version?","Update affected document after Alex/Committee answer.","Needs Alex Decision"
"DEC-309","01_drafting/governance/decisions/EDrill_Family_Bursary_Final_Issue_Audit.md","6. Remaining Gates Before Actual Launch","- Committee conflict and confidentiality declarations completed before review or decision activity.","Approval Evidence Needed","Administrative","Convert to approval evidence item","","What evidence, approver, and completion date should be recorded for this item?","Record completion evidence or keep as launch gate.","Needs Committee Approval"
"DEC-310","01_drafting/governance/decisions/EDrill_Family_Bursary_Final_Issue_Audit.md","6. Remaining Gates Before Actual Launch","- Award decision, payroll instruction, and payment confirmation records completed during the award cycle.","Already Decided / Needs Propagation","Minor","No action","EDrill employee payments go through normal payroll into the employee bank account as a payslip line item.","","Leave unchanged if wording already reflects known decision.","Already Answered"
"DEC-311","01_drafting/governance/decisions/EDrill_Family_Bursary_Launch_Approval_Checklist.md","The EDrill Family Bursary - Launch Approval Checklist","Purpose: confirm that all required approvals and launch gates are closed before The EDrill Family Bursary is issued, applications open, awards are made, or public communications are published.","Approval Evidence Needed","Administrative","Convert to approval evidence item","Final communications still need pre-publication check.","What evidence, approver, and completion date should be recorded for this item?","Record completion evidence or keep as launch gate.","Needs Committee Approval"
"DEC-312","01_drafting/governance/decisions/EDrill_Family_Bursary_Launch_Approval_Checklist.md","1. Approval Status Key","- Open: not yet approved.","Approval Evidence Needed","Administrative","Convert to approval evidence item","","What evidence, approver, and completion date should be recorded for this item?","Record completion evidence or keep as launch gate.","Needs Committee Approval"
"DEC-313","01_drafting/governance/decisions/EDrill_Family_Bursary_Launch_Approval_Checklist.md","1. Approval Status Key","- Conditional: approved subject to stated conditions.","Approval Evidence Needed","Administrative","Convert to approval evidence item","","What evidence, approver, and completion date should be recorded for this item?","Record completion evidence or keep as launch gate.","Needs Committee Approval"
"DEC-314","01_drafting/governance/decisions/EDrill_Family_Bursary_Launch_Approval_Checklist.md","3. Executive Approval","| Scheme name approved | Decision Log | Executive Sponsor / Committee | Approved | The EDrill Family Bursary |","Decision Needed","Minor","Decide","","Should this advisory or decision-like wording remain in the final issue version?","Update affected document after Alex/Committee answer.","Needs Alex Decision"
"DEC-315","01_drafting/governance/decisions/EDrill_Family_Bursary_Launch_Approval_Checklist.md","3. Executive Approval","| Phase 1 Thailand-only scope approved | Decision Log | Executive Sponsor / Committee | Approved | Future expansion remains a later review only |","Already Decided / Needs Propagation","Minor","No action","Phase 1 is Thailand-only; future expansion is later review only.","","Leave unchanged if wording already reflects known decision.","Already Answered"
"DEC-316","01_drafting/governance/decisions/EDrill_Family_Bursary_Launch_Approval_Checklist.md","3. Executive Approval","| Launch date approved | Decision Log | Executive Sponsor / Committee | Approved | Planned 1 October 2026 |","Decision Needed","Minor","Decide","","Should this advisory or decision-like wording remain in the final issue version?","Update affected document after Alex/Committee answer.","Needs Alex Decision"
"DEC-317","01_drafting/governance/decisions/EDrill_Family_Bursary_Launch_Approval_Checklist.md","3. Executive Approval","| Maximum awards approved | Decision Log | Executive Sponsor / Finance / Committee | Approved | Up to 6 bursaries per award year |","Decision Needed","Minor","Decide","","Should this advisory or decision-like wording remain in the final issue version?","Update affected document after Alex/Committee answer.","Needs Alex Decision"
"DEC-318","01_drafting/governance/decisions/EDrill_Family_Bursary_Launch_Approval_Checklist.md","3. Executive Approval","| EDrill award value approved | Decision Log | Executive Sponsor / Finance / Committee | Approved | Up to THB 120,000 per awardee per Award Year |","Decision Needed","Minor","Decide","","Should this advisory or decision-like wording remain in the final issue version?","Update affected document after Alex/Committee answer.","Needs Alex Decision"
"DEC-319","01_drafting/governance/decisions/EDrill_Family_Bursary_Launch_Approval_Checklist.md","3. Executive Approval","| Labour-hire agency inclusion approved or excluded | Decision Log | Executive Sponsor / Operations / Committee | Approved | Agency-neutral; applies only to eligible employees of the appointed labour-hire agency at the time of application who are assigned to EDrill rigs |","Already Decided / Needs Propagation","Minor","No action","Use: eligible employees of the appointed labour-hire agency at the time of application who are assigned to EDrill rigs.","","Leave unchanged if wording already reflects known decision.","Already Answered"
"DEC-320","01_drafting/governance/decisions/EDrill_Family_Bursary_Launch_Approval_Checklist.md","3. Executive Approval","| Executive authority for scheme confirmed | Decision Log | Executive Sponsor / Committee | Approved | Approved internally for Phase 1 operation, subject to the approved controls in this document |","Approval Evidence Needed","Administrative","Convert to approval evidence item","","What evidence, approver, and completion date should be recorded for this item?","Record completion evidence or keep as launch gate.","Needs Committee Approval"
"DEC-321","01_drafting/governance/decisions/EDrill_Family_Bursary_Launch_Approval_Checklist.md","4. Finance / Payroll / Tax Approval","| Funding entity confirmed | Decision Log | Finance / Committee | Approved | Energy Drilling Management Pte. Ltd. (EDMPL) |","Already Decided / Needs Propagation","Minor","No action","Funding entity is Energy Drilling Management Pte. Ltd. / EDMPL.","","Leave unchanged if wording already reflects known decision.","Already Answered"
"DEC-322","01_drafting/governance/decisions/EDrill_Family_Bursary_Launch_Approval_Checklist.md","4. Finance / Payroll / Tax Approval","| Annual budget approved | Decision Log / Finance record | Finance / Executive Sponsor / Committee | Approved | Administered as Phase 1 company-funded bursary |","Decision Needed","Minor","Decide","","Should this advisory or decision-like wording remain in the final issue version?","Update affected document after Alex/Committee answer.","Needs Alex Decision"
"DEC-323","01_drafting/governance/decisions/EDrill_Family_Bursary_Launch_Approval_Checklist.md","4. Finance / Payroll / Tax Approval","| Finance / Payroll Position Template completed | Decision Log / payroll process | Finance / Payroll | Approved | EDrill employee awards paid through normal payroll and shown as a payslip line item |","Already Decided / Needs Propagation","Minor","No action","EDrill employee payments go through normal payroll into the employee bank account as a payslip line item.","","Leave unchanged if wording already reflects known decision.","Already Answered"
"DEC-324","01_drafting/governance/decisions/EDrill_Family_Bursary_Launch_Approval_Checklist.md","4. Finance / Payroll / Tax Approval","| Payment route approved | Decision Log | Finance / Payroll / Committee | Approved | EDrill employee payroll route and labour-hire agency onward-payment route |","Already Decided / Needs Propagation","Minor","No action","EDrill employee payments go through normal payroll into the employee bank account as a payslip line item.","","Leave unchanged if wording already reflects known decision.","Already Answered"
"DEC-325","01_drafting/governance/decisions/EDrill_Family_Bursary_Launch_Approval_Checklist.md","4. Finance / Payroll / Tax Approval","| Direct employee bank payment process approved, if used | Decision Log / payroll process | Finance / Payroll | Approved | Paid into recipient employee bank account through normal payroll session |","Already Decided / Needs Propagation","Minor","No action","EDrill employee payments go through normal payroll into the employee bank account as a payslip line item.","","Leave unchanged if wording already reflects known decision.","Already Answered"
"DEC-326","01_drafting/governance/decisions/EDrill_Family_Bursary_Launch_Approval_Checklist.md","4. Finance / Payroll / Tax Approval","| Labour-hire agency onward-payment process approved, if used | Decision Log / agency acknowledgement | Finance / Operations / Committee / agency | Approved | EDMPL pays appointed agency; agency pays onward using existing payroll/payment process |","Already Decided / Needs Propagation","Minor","No action","Funding entity is Energy Drilling Management Pte. Ltd. / EDMPL.","","Leave unchanged if wording already reflects known decision.","Already Answered"
"DEC-327","01_drafting/governance/decisions/EDrill_Family_Bursary_Launch_Approval_Checklist.md","4. Finance / Payroll / Tax Approval","| Labour-hire agency acknowledgement template approved, if used | Agency acknowledgement | Finance / Operations / Committee | Approved for Phase 1 internal operation | Practical acknowledgement only; no burdensome new process unless Committee or Finance later requires it |","Warning / Control Text","Administrative","Keep as warning/control","","","Leave unchanged unless final policy tone requires shortening.","Keep"
"DEC-328","01_drafting/governance/decisions/EDrill_Family_Bursary_Launch_Approval_Checklist.md","4. Finance / Payroll / Tax Approval","| Direct school payment or reimbursement process approved, if used as fallback | Finance process note | Finance | Open | |","Approval Evidence Needed","Administrative","Convert to approval evidence item","","What evidence, approver, and completion date should be recorded for this item?","Record completion evidence or keep as launch gate.","Needs Finance/Admin Evidence"
"DEC-329","01_drafting/governance/decisions/EDrill_Family_Bursary_Launch_Approval_Checklist.md","4. Finance / Payroll / Tax Approval","| Cash/advance process approved, if used | Finance/Payroll approval | Finance / Payroll | Open | |","Approval Evidence Needed","Administrative","Convert to approval evidence item","EDrill employee payments go through normal payroll into the employee bank account as a payslip line item.","What evidence, approver, and completion date should be recorded for this item?","Record completion evidence or keep as launch gate.","Needs Finance/Admin Evidence"
"DEC-330","01_drafting/governance/decisions/EDrill_Family_Bursary_Launch_Approval_Checklist.md","4. Finance / Payroll / Tax Approval","| Recipient-taxable treatment recorded | Decision Log / Finance note | Finance / Payroll / Committee | Approved | Payments are tax liable to the recipient; recipient is responsible for their own tax position |","Already Decided / Needs Propagation","Minor","No action","EDrill employee payments go through normal payroll into the employee bank account as a payslip line item.","","Leave unchanged if wording already reflects known decision.","Already Answered"
"DEC-331","01_drafting/governance/decisions/EDrill_Family_Bursary_Launch_Approval_Checklist.md","4. Finance / Payroll / Tax Approval","| Withholding/reporting/payslip/accounting process confirmed | Decision Log / payroll process | Payroll / Finance | Approved | EDrill employee awards are normal payroll-session payslip line items; routine payroll administration remains with Finance/Payroll |","Already Decided / Needs Propagation","Minor","No action","EDrill employee payments go through normal payroll into the employee bank account as a payslip line item.","","Leave unchanged if wording already reflects known decision.","Already Answered"
"DEC-332","01_drafting/governance/decisions/EDrill_Family_Bursary_Launch_Approval_Checklist.md","4. Finance / Payroll / Tax Approval","| Labour-hire award accounting confirmed, if applicable | Finance processing record | Finance | Reclassified | Routine Finance administration, not a policy blocker |","Wording Choice","Minor","Decide","","Which wording or option should be retained in the final issue version?","Remove alternatives and retain the selected wording.","Needs Alex Decision"
"DEC-333","01_drafting/governance/decisions/EDrill_Family_Bursary_Launch_Approval_Checklist.md","4. Finance / Payroll / Tax Approval","| Overpayment/recovery process approved | Finance/Legal note | Finance / Legal | Open | |","Approval Evidence Needed","Administrative","Convert to approval evidence item","","What evidence, approver, and completion date should be recorded for this item?","Record completion evidence or keep as launch gate.","Needs Finance/Admin Evidence"
"DEC-334","01_drafting/governance/decisions/EDrill_Family_Bursary_Launch_Approval_Checklist.md","5. Legal / Compliance / Privacy Approval","| Discretionary/non-contractual wording approved | Internal compliance decision | Chairman / Committee | Approved for Phase 1 internal operation | Chairman/Committee-approved internal compliance position; no external legal advice obtained. |","Warning / Control Text","Administrative","Keep as warning/control","Appeals go to the Chairman of the Committee.","","Leave unchanged unless final policy tone requires shortening.","Keep"
"DEC-335","01_drafting/governance/decisions/EDrill_Family_Bursary_Launch_Approval_Checklist.md","5. Legal / Compliance / Privacy Approval","| Privacy notice approved | Internal compliance decision | Chairman / Committee / HR | Approved for Phase 1 internal operation | Uses consent, confidentiality, data minimisation, anonymised review where practicable, and restricted access controls |","Warning / Control Text","Administrative","Keep as warning/control","Appeals go to the Chairman of the Committee.","","Leave unchanged unless final policy tone requires shortening.","Keep"
"DEC-336","01_drafting/governance/decisions/EDrill_Family_Bursary_Launch_Approval_Checklist.md","5. Legal / Compliance / Privacy Approval","| Applicant consent wording approved | Internal compliance decision | Chairman / Committee / HR | Approved for Phase 1 internal operation | Applicant consent is required |","Already Decided / Needs Propagation","Minor","No action","Appeals go to the Chairman of the Committee.","","Leave unchanged if wording already reflects known decision.","Already Answered"
"DEC-337","01_drafting/governance/decisions/EDrill_Family_Bursary_Launch_Approval_Checklist.md","5. Legal / Compliance / Privacy Approval","| Child data handling approved | Internal compliance decision | Chairman / Committee / HR | Approved for Phase 1 internal operation | Child data is confidential and access-restricted |","Warning / Control Text","Administrative","Keep as warning/control","Appeals go to the Chairman of the Committee.","","Leave unchanged unless final policy tone requires shortening.","Keep"
"DEC-338","01_drafting/governance/decisions/EDrill_Family_Bursary_Launch_Approval_Checklist.md","5. Legal / Compliance / Privacy Approval","| School verification process approved | Internal compliance decision | Chairman / Committee / HR | Approved for Phase 1 internal operation | Verification only where consent is obtained and needed |","Already Decided / Needs Propagation","Minor","No action","Appeals go to the Chairman of the Committee.","","Leave unchanged if wording already reflects known decision.","Already Answered"
"DEC-339","01_drafting/governance/decisions/EDrill_Family_Bursary_Launch_Approval_Checklist.md","5. Legal / Compliance / Privacy Approval","| Cross-border data transfer position confirmed | Internal compliance decision | Chairman / Committee / HR | Approved for Phase 1 internal operation | Committee receives anonymised/minimised packs where practicable |","Already Decided / Needs Propagation","Minor","No action","No ROS activation and no fundraising in Phase 1.","","Leave unchanged if wording already reflects known decision.","Already Answered"
"DEC-340","01_drafting/governance/decisions/EDrill_Family_Bursary_Launch_Approval_Checklist.md","5. Legal / Compliance / Privacy Approval","| Records retention period approved | Internal compliance decision | Chairman / Committee / HR / Finance | Approved for Phase 1 internal operation | Retain for HR, payroll, audit, tax, and administration needs under restricted access |","Warning / Control Text","Administrative","Keep as warning/control","EDrill employee payments go through normal payroll into the employee bank account as a payslip line item.","","Leave unchanged unless final policy tone requires shortening.","Keep"
"DEC-341","01_drafting/governance/decisions/EDrill_Family_Bursary_Launch_Approval_Checklist.md","5. Legal / Compliance / Privacy Approval","| Publicity consent rule approved | Internal compliance decision | Chairman / Committee / Communications | Approved control | No child names/photos/stories without specific written consent |","Already Decided / Needs Propagation","Minor","No action","Appeals go to the Chairman of the Committee.","","Leave unchanged if wording already reflects known decision.","Already Answered"
"DEC-342","01_drafting/governance/decisions/EDrill_Family_Bursary_Launch_Approval_Checklist.md","5. Legal / Compliance / Privacy Approval","| Labour-hire agency relationship wording approved, if applicable | Internal compliance decision | Chairman / Committee / Operations | Approved for Phase 1 internal operation | Do not describe labour-hire agency employees as EDrill employees |","Wording Choice","Minor","Decide","Appeals go to the Chairman of the Committee.","Which wording or option should be retained in the final issue version?","Remove alternatives and retain the selected wording.","Needs Alex Decision"
"DEC-343","01_drafting/governance/decisions/EDrill_Family_Bursary_Launch_Approval_Checklist.md","5. Legal / Compliance / Privacy Approval","| Singapore ROS/fundraising boundary confirmed | Internal compliance decision | Chairman / Committee / Communications | Approved control | Phase 1 has no fundraising and is not a charity, society, foundation, or ROS body |","Warning / Control Text","Administrative","Keep as warning/control","No ROS activation and no fundraising in Phase 1.","","Leave unchanged unless final policy tone requires shortening.","Keep"
"DEC-344","01_drafting/governance/decisions/EDrill_Family_Bursary_Launch_Approval_Checklist.md","6. HR / Operations Approval","| Bangkok HR administrator confirmed | Appointment / email | HR | Open | |","Approval Evidence Needed","Administrative","Convert to approval evidence item","","What evidence, approver, and completion date should be recorded for this item?","Record completion evidence or keep as launch gate.","Needs Committee Approval"
"DEC-345","01_drafting/governance/decisions/EDrill_Family_Bursary_Launch_Approval_Checklist.md","6. HR / Operations Approval","| Committee members appointed | Decision Log | Executive Sponsor / HR / Committee | Approved | Alex Maroske, Jacquline Ho, Malee Pasutharnchart, Luke Byrne, and Sittikorn Intahkaew confirmed |","Already Decided / Needs Propagation","Minor","No action","No ROS activation and no fundraising in Phase 1.","","Leave unchanged if wording already reflects known decision.","Already Answered"
"DEC-346","01_drafting/governance/decisions/EDrill_Family_Bursary_Launch_Approval_Checklist.md","6. HR / Operations Approval","| Committee conflict and confidentiality declarations prepared | `templates/EDrill_Family_Bursary_Committee_Conflict_and_Confidentiality_Declaration_TEMPLATE.md` | HR / Committee | Approved control | Declarations still required before review/decision activity |","Warning / Control Text","Administrative","Keep as warning/control","","","Leave unchanged unless final policy tone requires shortening.","Keep"
"DEC-347","01_drafting/governance/decisions/EDrill_Family_Bursary_Launch_Approval_Checklist.md","6. HR / Operations Approval","| Application window confirmed | HR launch plan | HR | Open | |","Approval Evidence Needed","Administrative","Convert to approval evidence item","","What evidence, approver, and completion date should be recorded for this item?","Record completion evidence or keep as launch gate.","Needs Committee Approval"
"DEC-348","01_drafting/governance/decisions/EDrill_Family_Bursary_Launch_Approval_Checklist.md","6. HR / Operations Approval","| Secure submission route confirmed | HR / IT note | HR / IT | Open | |","Approval Evidence Needed","Administrative","Convert to approval evidence item","","What evidence, approver, and completion date should be recorded for this item?","Record completion evidence or keep as launch gate.","Needs Committee Approval"
"DEC-349","01_drafting/governance/decisions/EDrill_Family_Bursary_Launch_Approval_Checklist.md","6. HR / Operations Approval","| Launch Workplan and RACI approved | Approved workplan | Executive Sponsor / HR | Open | |","Approval Evidence Needed","Administrative","Convert to approval evidence item","","What evidence, approver, and completion date should be recorded for this item?","Record completion evidence or keep as launch gate.","Needs Committee Approval"
"DEC-350","01_drafting/governance/decisions/EDrill_Family_Bursary_Launch_Approval_Checklist.md","6. HR / Operations Approval","| Launch evidence file established | `02_operations/award-years/2026-2027/EDrill_Family_Bursary_2026_2027_Launch_Evidence_Register.md` + secure location | HR / Finance / Committee | Open | Access must be restricted |","Approval Evidence Needed","Administrative","Convert to approval evidence item","","What evidence, approver, and completion date should be recorded for this item?","Record completion evidence or keep as launch gate.","Needs Finance/Admin Evidence"
"DEC-351","01_drafting/governance/decisions/EDrill_Family_Bursary_Launch_Approval_Checklist.md","6. HR / Operations Approval","| Eligibility rules approved | HR approval | HR / Executive Sponsor | Open | |","Approval Evidence Needed","Administrative","Convert to approval evidence item","","What evidence, approver, and completion date should be recorded for this item?","Record completion evidence or keep as launch gate.","Needs Committee Approval"
"DEC-352","01_drafting/governance/decisions/EDrill_Family_Bursary_Launch_Approval_Checklist.md","6. HR / Operations Approval","| Selection/scoring method approved | HR / Sponsor approval | HR / Executive Sponsor | Open | |","Approval Evidence Needed","Administrative","Convert to approval evidence item","","What evidence, approver, and completion date should be recorded for this item?","Record completion evidence or keep as launch gate.","Needs Committee Approval"
"DEC-353","01_drafting/governance/decisions/EDrill_Family_Bursary_Launch_Approval_Checklist.md","6. HR / Operations Approval","| Operations verification process approved | Operations note | Operations | Open | |","Approval Evidence Needed","Administrative","Convert to approval evidence item","","What evidence, approver, and completion date should be recorded for this item?","Record completion evidence or keep as launch gate.","Needs Committee Approval"
"DEC-354","01_drafting/governance/decisions/EDrill_Family_Bursary_Launch_Approval_Checklist.md","6. HR / Operations Approval","| Labour-hire agency verification and onward-payment process approved, if applicable | Operations/agency note | Operations / agency | Open | |","Approval Evidence Needed","Administrative","Convert to approval evidence item","","What evidence, approver, and completion date should be recorded for this item?","Record completion evidence or keep as launch gate.","Needs Finance/Admin Evidence"
"DEC-355","01_drafting/governance/decisions/EDrill_Family_Bursary_Launch_Approval_Checklist.md","6. HR / Operations Approval","| Labour-hire agency acknowledgement completed, if applicable | `templates/EDrill_Family_Bursary_Labour_Hire_Agency_Onward_Payment_Acknowledgement_TEMPLATE.md` | Operations / agency / Committee | Execution step | Required before including that agency's employees; should remain practical and use existing agency payment acknowledgement practices |","Wording Choice","Minor","Decide","","Which wording or option should be retained in the final issue version?","Remove alternatives and retain the selected wording.","Needs Alex Decision"
"DEC-356","01_drafting/governance/decisions/EDrill_Family_Bursary_Launch_Approval_Checklist.md","7. Document Approval","Final document issue is controlled by `01_drafting/governance/decisions/EDrill_Family_Bursary_Final_Issue_Approval_Record.md`. Do not move draft documents to approved folders until that record is completed.","Warning / Control Text","Administrative","Keep as warning/control","","","Leave unchanged unless final policy tone requires shortening.","Keep"
"DEC-357","01_drafting/governance/decisions/EDrill_Family_Bursary_Launch_Approval_Checklist.md","7. Document Approval","| Bursary Charter | Executive Sponsor / Committee / HR | Open | Draft not moved to approved folder |","Approval Evidence Needed","Administrative","Convert to approval evidence item","","What evidence, approver, and completion date should be recorded for this item?","Record completion evidence or keep as launch gate.","Needs Committee Approval"
"DEC-358","01_drafting/governance/decisions/EDrill_Family_Bursary_Launch_Approval_Checklist.md","7. Document Approval","| Procedure / SOP | HR / Finance / Committee | Open | Draft not moved to approved folder |","Approval Evidence Needed","Administrative","Convert to approval evidence item","","What evidence, approver, and completion date should be recorded for this item?","Record completion evidence or keep as launch gate.","Needs Finance/Admin Evidence"
"DEC-359","01_drafting/governance/decisions/EDrill_Family_Bursary_Launch_Approval_Checklist.md","7. Document Approval","| Eligibility and Selection Rules | HR / Sponsor / Committee | Open | Draft not moved to approved folder |","Approval Evidence Needed","Administrative","Convert to approval evidence item","","What evidence, approver, and completion date should be recorded for this item?","Record completion evidence or keep as launch gate.","Needs Committee Approval"
"DEC-360","01_drafting/governance/decisions/EDrill_Family_Bursary_Launch_Approval_Checklist.md","7. Document Approval","| Payment and Evidence Rules | Finance / Payroll / Committee | Open | Draft not moved to approved folder |","Approval Evidence Needed","Administrative","Convert to approval evidence item","EDrill employee payments go through normal payroll into the employee bank account as a payslip line item.","What evidence, approver, and completion date should be recorded for this item?","Record completion evidence or keep as launch gate.","Needs Finance/Admin Evidence"
"DEC-361","01_drafting/governance/decisions/EDrill_Family_Bursary_Launch_Approval_Checklist.md","7. Document Approval","| Privacy and Records Appendix | Chairman / Committee / HR | Open | Draft not moved to approved folder |","Approval Evidence Needed","Administrative","Convert to approval evidence item","Appeals go to the Chairman of the Committee.","What evidence, approver, and completion date should be recorded for this item?","Record completion evidence or keep as launch gate.","Needs Committee Approval"
"DEC-362","01_drafting/governance/decisions/EDrill_Family_Bursary_Launch_Approval_Checklist.md","7. Document Approval","| Labour-Hire Agency Participation Appendix, if applicable | Operations / Finance / Committee | Open | Draft not moved to approved folder |","Approval Evidence Needed","Administrative","Convert to approval evidence item","","What evidence, approver, and completion date should be recorded for this item?","Record completion evidence or keep as launch gate.","Needs Finance/Admin Evidence"
"DEC-363","01_drafting/governance/decisions/EDrill_Family_Bursary_Launch_Approval_Checklist.md","7. Document Approval","| Application Form | HR / Committee | Open | Draft not moved to approved folder |","Approval Evidence Needed","Administrative","Convert to approval evidence item","","What evidence, approver, and completion date should be recorded for this item?","Record completion evidence or keep as launch gate.","Needs Committee Approval"
"DEC-364","01_drafting/governance/decisions/EDrill_Family_Bursary_Launch_Approval_Checklist.md","7. Document Approval","| Declaration and Consent | HR / Committee | Open | Draft not moved to approved folder |","Approval Evidence Needed","Administrative","Convert to approval evidence item","","What evidence, approver, and completion date should be recorded for this item?","Record completion evidence or keep as launch gate.","Needs Committee Approval"
"DEC-365","01_drafting/governance/decisions/EDrill_Family_Bursary_Launch_Approval_Checklist.md","7. Document Approval","| Evidence Checklist | HR / Finance | Open | |","Approval Evidence Needed","Administrative","Convert to approval evidence item","","What evidence, approver, and completion date should be recorded for this item?","Record completion evidence or keep as launch gate.","Needs Finance/Admin Evidence"
"DEC-366","01_drafting/governance/decisions/EDrill_Family_Bursary_Launch_Approval_Checklist.md","7. Document Approval","| Committee Review Sheet | HR / Committee | Open | |","Approval Evidence Needed","Administrative","Convert to approval evidence item","","What evidence, approver, and completion date should be recorded for this item?","Record completion evidence or keep as launch gate.","Needs Committee Approval"
"DEC-367","01_drafting/governance/decisions/EDrill_Family_Bursary_Launch_Approval_Checklist.md","7. Document Approval","| Award Letter | HR / Finance / Committee | Open | |","Approval Evidence Needed","Administrative","Convert to approval evidence item","","What evidence, approver, and completion date should be recorded for this item?","Record completion evidence or keep as launch gate.","Needs Finance/Admin Evidence"
"DEC-368","01_drafting/governance/decisions/EDrill_Family_Bursary_Launch_Approval_Checklist.md","7. Document Approval","| Unsuccessful Letter | HR / Committee | Open | |","Approval Evidence Needed","Administrative","Convert to approval evidence item","","What evidence, approver, and completion date should be recorded for this item?","Record completion evidence or keep as launch gate.","Needs Committee Approval"
"DEC-369","01_drafting/governance/decisions/EDrill_Family_Bursary_Launch_Approval_Checklist.md","7. Document Approval","| Renewal Form | HR / Finance | Open | |","Approval Evidence Needed","Administrative","Convert to approval evidence item","Annual reset; no automatic renewal and no automatic renewal priority.","What evidence, approver, and completion date should be recorded for this item?","Record completion evidence or keep as launch gate.","Needs Finance/Admin Evidence"
"DEC-370","01_drafting/governance/decisions/EDrill_Family_Bursary_Launch_Approval_Checklist.md","7. Document Approval","| Appeal / Exception Form | HR / Committee | Open | |","Approval Evidence Needed","Administrative","Convert to approval evidence item","Appeals go to the Chairman of the Committee.","What evidence, approver, and completion date should be recorded for this item?","Record completion evidence or keep as launch gate.","Needs Committee Approval"
"DEC-371","01_drafting/governance/decisions/EDrill_Family_Bursary_Launch_Approval_Checklist.md","7. Document Approval","| Annual Scheme Report Template | HR / Finance / Sponsor | Open | |","Approval Evidence Needed","Administrative","Convert to approval evidence item","","What evidence, approver, and completion date should be recorded for this item?","Record completion evidence or keep as launch gate.","Needs Finance/Admin Evidence"
"DEC-372","01_drafting/governance/decisions/EDrill_Family_Bursary_Launch_Approval_Checklist.md","7. Document Approval","| Committee Conflict and Confidentiality Declaration Template | HR / Committee | Open | Use before Committee review/decision activity |","Approval Evidence Needed","Administrative","Convert to approval evidence item","","What evidence, approver, and completion date should be recorded for this item?","Record completion evidence or keep as launch gate.","Needs Committee Approval"
"DEC-373","01_drafting/governance/decisions/EDrill_Family_Bursary_Launch_Approval_Checklist.md","7. Document Approval","| Labour-Hire Agency Onward Payment Acknowledgement Template | Operations / Finance / Committee | Open | Practical agency acknowledgement only |","Approval Evidence Needed","Administrative","Convert to approval evidence item","Labour-hire agency receives funds from EDMPL and pays onward using existing payroll/payment process; receipt/acknowledgement handled like salary/payment acknowledgement.","What evidence, approver, and completion date should be recorded for this item?","Record completion evidence or keep as launch gate.","Needs Finance/Admin Evidence"
"DEC-374","01_drafting/governance/decisions/EDrill_Family_Bursary_Launch_Approval_Checklist.md","7. Document Approval","| Launch Workplan and RACI | Executive Sponsor / HR / Finance / Committee / Operations | Open | |","Approval Evidence Needed","Administrative","Convert to approval evidence item","","What evidence, approver, and completion date should be recorded for this item?","Record completion evidence or keep as launch gate.","Needs Finance/Admin Evidence"
"DEC-375","01_drafting/governance/decisions/EDrill_Family_Bursary_Launch_Approval_Checklist.md","7. Document Approval","| 2026-2027 Launch Evidence Register | HR / Finance / Committee | Open | `02_operations/award-years/2026-2027/EDrill_Family_Bursary_2026_2027_Launch_Evidence_Register.md` |","Approval Evidence Needed","Administrative","Convert to approval evidence item","","What evidence, approver, and completion date should be recorded for this item?","Record completion evidence or keep as launch gate.","Needs Finance/Admin Evidence"
"DEC-376","01_drafting/governance/decisions/EDrill_Family_Bursary_Launch_Approval_Checklist.md","7. Document Approval","| Final Issue Approval Record | Chairman / Committee / Finance / Payroll / HR | Open | Required before moving drafts to approved folders |","Approval Evidence Needed","Administrative","Convert to approval evidence item","EDrill employee payments go through normal payroll into the employee bank account as a payslip line item.","What evidence, approver, and completion date should be recorded for this item?","Record completion evidence or keep as launch gate.","Needs Finance/Admin Evidence"
"DEC-377","01_drafting/governance/decisions/EDrill_Family_Bursary_Launch_Approval_Checklist.md","7. Document Approval","| Approval Meeting Agenda / minutes | Executive Sponsor / HR | Open | |","Approval Evidence Needed","Administrative","Convert to approval evidence item","","What evidence, approver, and completion date should be recorded for this item?","Record completion evidence or keep as launch gate.","Needs Committee Approval"
"DEC-378","01_drafting/governance/decisions/EDrill_Family_Bursary_Launch_Approval_Checklist.md","8. Communications Approval","| Internal launch message | Executive Sponsor / HR / Committee / Communications | Open | Final pre-publication check required |","Approval Evidence Needed","Administrative","Convert to approval evidence item","Final communications still need pre-publication check.","What evidence, approver, and completion date should be recorded for this item?","Record completion evidence or keep as launch gate.","Needs Committee Approval"
"DEC-379","01_drafting/governance/decisions/EDrill_Family_Bursary_Launch_Approval_Checklist.md","8. Communications Approval","| Manager / rig communication note | HR / Operations / Committee / Communications | Open | Final pre-publication check required |","Approval Evidence Needed","Administrative","Convert to approval evidence item","Final communications still need pre-publication check.","What evidence, approver, and completion date should be recorded for this item?","Record completion evidence or keep as launch gate.","Needs Committee Approval"
"DEC-380","01_drafting/governance/decisions/EDrill_Family_Bursary_Launch_Approval_Checklist.md","8. Communications Approval","| Employee FAQ | HR / Finance / Committee / Communications | Open | Final pre-publication check required |","Approval Evidence Needed","Administrative","Convert to approval evidence item","Final communications still need pre-publication check.","What evidence, approver, and completion date should be recorded for this item?","Record completion evidence or keep as launch gate.","Needs Finance/Admin Evidence"
"DEC-381","01_drafting/governance/decisions/EDrill_Family_Bursary_Launch_Approval_Checklist.md","8. Communications Approval","| LinkedIn and corporate website post | Executive Sponsor / Committee / Communications | Open | Must contain no fundraising language, no charity/society/foundation/ROS claim, no tax-free/non-taxable claim, no guaranteed entitlement, and no child/beneficiary identification without specific consent |","Approval Evidence Needed","Administrative","Convert to approval evidence item","No ROS activation and no fundraising in Phase 1.","What evidence, approver, and completion date should be recorded for this item?","Record completion evidence or keep as launch gate.","Needs Committee Approval"
"DEC-382","01_drafting/governance/decisions/EDrill_Family_Bursary_Launch_Approval_Checklist.md","8. Communications Approval","| Corporate website post draft | Executive Sponsor / Committee / Communications | Open | Same pre-publication controls apply |","Approval Evidence Needed","Administrative","Convert to approval evidence item","Final communications still need pre-publication check.","What evidence, approver, and completion date should be recorded for this item?","Record completion evidence or keep as launch gate.","Needs Committee Approval"
"DEC-383","01_drafting/governance/decisions/EDrill_Family_Bursary_Launch_Approval_Checklist.md","8. Communications Approval","| Any beneficiary names/photos/stories | Specific written consent + Committee/Comms check | Open | |","Approval Evidence Needed","Administrative","Convert to approval evidence item","","What evidence, approver, and completion date should be recorded for this item?","Record completion evidence or keep as launch gate.","Needs Committee Approval"
"DEC-384","01_drafting/governance/decisions/EDrill_Family_Bursary_Launch_Approval_Checklist.md","9. Launch Readiness Decision","| Are all required launch gates closed? | |","Approval Evidence Needed","Administrative","Convert to approval evidence item","","What evidence, approver, and completion date should be recorded for this item?","Record completion evidence or keep as launch gate.","Needs Committee Approval"
"DEC-385","01_drafting/governance/decisions/EDrill_Family_Bursary_Launch_Approval_Checklist.md","9. Launch Readiness Decision","| Final launch decision | Approved / not approved |","Decision Needed","Minor","Decide","","Should this advisory or decision-like wording remain in the final issue version?","Update affected document after Alex/Committee answer.","Needs Alex Decision"
"DEC-386","01_drafting/governance/open-questions/EDrill_Family_Bursary_Decision_Questionnaire.md","The EDrill Family Bursary - Decision Questionnaire","Working status: pre-drafting decision pack","Historical / Superseded","Administrative","Move to archive/reference","","","Leave as reference unless final issue pack excludes historical material.","Keep"
"DEC-387","01_drafting/governance/open-questions/EDrill_Family_Bursary_Decision_Questionnaire.md","The EDrill Family Bursary - Decision Questionnaire","Recommended use: circulate to the Executive Sponsor, Bangkok HR, Finance/Payroll, Operations, and Compliance/Legal.","Historical / Superseded","Administrative","Move to archive/reference","EDrill employee payments go through normal payroll into the employee bank account as a payslip line item.","","Leave as reference unless final issue pack excludes historical material.","Keep"
"DEC-388","01_drafting/governance/open-questions/EDrill_Family_Bursary_Decision_Questionnaire.md","The EDrill Family Bursary - Decision Questionnaire","Note: this questionnaire is now reference-only where later decisions are recorded in the Decision Log. Later decisions supersede any older prompt that refers to Marcus confirmation, one-child limits, tax treatment not confirmed, renewal priority, or fixed Kobchok-specific eligibility.","Already Decided / Needs Propagation","Major","Replace with confirmed wording","Bursary payments are tax liable to the recipient; recipient handles their own tax position.","","Keep warning/control language and remove any contrary tax-free/non-taxable claim.","Already Answered"
"DEC-389","01_drafting/governance/open-questions/EDrill_Family_Bursary_Decision_Questionnaire.md","1. One-Page Executive Decision Summary","The proposed short-term model is a company-funded education bursary for eligible families connected with EDrill Thailand operations. It should be governed as an internal company scheme, not as a charity, foundation, public fund, or registered society at this stage.","Historical / Superseded","Administrative","Move to archive/reference","No ROS activation and no fundraising in Phase 1.","","Leave as reference unless final issue pack excludes historical material.","Keep"
"DEC-390","01_drafting/governance/open-questions/EDrill_Family_Bursary_Decision_Questionnaire.md","1. One-Page Executive Decision Summary","The long-term option of a Singapore Registry of Societies model should remain in scope, but it should not control the first launch. The first launch should create good governance records so that a future ROS or employee/member-funded structure can be developed later if required.","Historical / Superseded","Administrative","Move to archive/reference","No ROS activation and no fundraising in Phase 1.","","Leave as reference unless final issue pack excludes historical material.","Keep"
"DEC-391","01_drafting/governance/open-questions/EDrill_Family_Bursary_Decision_Questionnaire.md","Decisions Needed From Marcus / Executive Sponsor","| No. | Decision | Recommended default | Decision / comment |","Historical / Superseded","Administrative","Move to archive/reference","","","Leave as reference unless final issue pack excludes historical material.","Keep"
"DEC-392","01_drafting/governance/open-questions/EDrill_Family_Bursary_Decision_Questionnaire.md","Decisions Needed From Marcus / Executive Sponsor","| 2 | Confirm scheme owner / funding entity | Energy Drilling Management Pte. Ltd. acting through its Thailand registered presence / Thailand office, subject to Finance confirmation | |","Historical / Superseded","Administrative","Move to archive/reference","Funding entity is Energy Drilling Management Pte. Ltd. / EDMPL.","","Leave as reference unless final issue pack excludes historical material.","Keep"
"DEC-393","01_drafting/governance/open-questions/EDrill_Family_Bursary_Decision_Questionnaire.md","Decisions Needed From Marcus / Executive Sponsor","| 9 | Confirm labour-hire agency inclusion | Include eligible employees of the appointed labour-hire agency at the time of application who are assigned to EDrill rigs, subject to verification and approval | |","Historical / Superseded","Administrative","Move to archive/reference","Use: eligible employees of the appointed labour-hire agency at the time of application who are assigned to EDrill rigs.","","Leave as reference unless final issue pack excludes historical material.","Keep"
"DEC-394","01_drafting/governance/open-questions/EDrill_Family_Bursary_Decision_Questionnaire.md","Decisions Needed From Marcus / Executive Sponsor","| 11 | Confirm selection principle if applications exceed six | Resolved in Decision Log: no further Marcus clarification is outstanding. The Committee applies a means-tested, need-weighted assessment considering financial need and family circumstances. | Superseded by Decision Log |","Historical / Superseded","Administrative","Move to archive/reference","","","Leave as reference unless final issue pack excludes historical material.","Keep"
"DEC-395","01_drafting/governance/open-questions/EDrill_Family_Bursary_Decision_Questionnaire.md","Decisions Needed From Marcus / Executive Sponsor","| 12 | Confirm public communication posture | LinkedIn and corporate website post effective 1 October, after final Chairman/Committee/Communications pre-publication check | Superseded by Decision Log |","Historical / Superseded","Administrative","Move to archive/reference","Appeals go to the Chairman of the Committee.","","Leave as reference unless final issue pack excludes historical material.","Keep"
"DEC-396","01_drafting/governance/open-questions/EDrill_Family_Bursary_Decision_Questionnaire.md","Eligibility","| No. | Question | Recommended default | Decision / comment |","Historical / Superseded","Administrative","Move to archive/reference","","","Leave as reference unless final issue pack excludes historical material.","Keep"
"DEC-397","01_drafting/governance/open-questions/EDrill_Family_Bursary_Decision_Questionnaire.md","Eligibility","| 14 | Is there a minimum service period for EDrill employees? | Recommended: employed continuously for at least 12 months before application closing date | |","Historical / Superseded","Administrative","Move to archive/reference","","","Leave as reference unless final issue pack excludes historical material.","Keep"
"DEC-398","01_drafting/governance/open-questions/EDrill_Family_Bursary_Decision_Questionnaire.md","Eligibility","| 15 | Does the THB 100,000 salary threshold include allowances and regular overtime? | Recommended: base monthly salary plus fixed contractual allowances; exclude variable overtime unless Finance advises otherwise | |","Historical / Superseded","Administrative","Move to archive/reference","","","Leave as reference unless final issue pack excludes historical material.","Keep"
"DEC-399","01_drafting/governance/open-questions/EDrill_Family_Bursary_Decision_Questionnaire.md","Eligibility","| 18 | Are adopted children, stepchildren, and legal dependants included? | Recommended: yes, if legally dependent and supported by documents | |","Historical / Superseded","Administrative","Move to archive/reference","","","Leave as reference unless final issue pack excludes historical material.","Keep"
"DEC-400","01_drafting/governance/open-questions/EDrill_Family_Bursary_Decision_Questionnaire.md","Eligibility","| 19 | Is there a maximum number of children per employee? | Resolved in Decision Log: a family may apply for multiple eligible children. Each child/application is means-tested and assessed separately under the approved criteria and the annual award cap. | Superseded by Decision Log |","Historical / Superseded","Administrative","Move to archive/reference","Families may apply for multiple children; each child/application is means-tested separately under the annual cap.","","Leave as reference unless final issue pack excludes historical material.","Keep"
"DEC-401","01_drafting/governance/open-questions/EDrill_Family_Bursary_Decision_Questionnaire.md","Eligibility","| 20 | Are employees already receiving another education benefit eligible? | Recommended: no double benefit for the same child and same expense | |","Historical / Superseded","Administrative","Move to archive/reference","","","Leave as reference unless final issue pack excludes historical material.","Keep"
"DEC-402","01_drafting/governance/open-questions/EDrill_Family_Bursary_Decision_Questionnaire.md","Schooling","| No. | Question | Recommended default | Decision / comment |","Historical / Superseded","Administrative","Move to archive/reference","","","Leave as reference unless final issue pack excludes historical material.","Keep"
"DEC-403","01_drafting/governance/open-questions/EDrill_Family_Bursary_Decision_Questionnaire.md","Schooling","| 22 | Are international schools included? | Applicant must list school attended; committee/Finance to review cost reasonableness unless the Executive Sponsor sets an exclusion or cap | |","Historical / Superseded","Administrative","Move to archive/reference","","","Leave as reference unless final issue pack excludes historical material.","Keep"
"DEC-404","01_drafting/governance/open-questions/EDrill_Family_Bursary_Decision_Questionnaire.md","Schooling","| 23 | Are special education schools included? | Recommended: yes, if located in Thailand and properly evidenced | |","Historical / Superseded","Administrative","Move to archive/reference","","","Leave as reference unless final issue pack excludes historical material.","Keep"
"DEC-405","01_drafting/governance/open-questions/EDrill_Family_Bursary_Decision_Questionnaire.md","Schooling","| 24 | Are homeschooling or online schooling included? | Recommended: excluded for first launch unless legally recognised and evidence is clear | |","Historical / Superseded","Administrative","Move to archive/reference","","","Leave as reference unless final issue pack excludes historical material.","Keep"
"DEC-406","01_drafting/governance/open-questions/EDrill_Family_Bursary_Decision_Questionnaire.md","Schooling","| 25 | What school evidence is required? | Core applicant evidence is birth certificate or approved equivalent, plus school enrolment letter or confirmation. Finance verifies salary eligibility internally. | Superseded by Decision Log |","Historical / Superseded","Administrative","Move to archive/reference","Required applicant evidence is birth certificate or approved equivalent plus school enrolment confirmation; Finance verifies salary eligibility internally.","","Leave as reference unless final issue pack excludes historical material.","Keep"
"DEC-407","01_drafting/governance/open-questions/EDrill_Family_Bursary_Decision_Questionnaire.md","Payment and Evidence","| No. | Question | Recommended default | Decision / comment |","Historical / Superseded","Administrative","Move to archive/reference","","","Leave as reference unless final issue pack excludes historical material.","Keep"
"DEC-408","01_drafting/governance/open-questions/EDrill_Family_Bursary_Decision_Questionnaire.md","Payment and Evidence","| 26 | Should payment be made to school, employee, or by reimbursement? | Current instruction: EDrill employee awards paid directly to employee bank account; labour-hire awards paid to the relevant agency for onward payment to employee | |","Historical / Superseded","Administrative","Move to archive/reference","EDrill employee payments go through normal payroll into the employee bank account as a payslip line item.","","Leave as reference unless final issue pack excludes historical material.","Keep"
"DEC-409","01_drafting/governance/open-questions/EDrill_Family_Bursary_Decision_Questionnaire.md","Payment and Evidence","| 27 | If paid to employee, should it go through payroll? | To be decided by Finance/Payroll based on Thai tax treatment | |","Historical / Superseded","Administrative","Move to archive/reference","EDrill employee payments go through normal payroll into the employee bank account as a payslip line item.","","Leave as reference unless final issue pack excludes historical material.","Keep"
"DEC-410","01_drafting/governance/open-questions/EDrill_Family_Bursary_Decision_Questionnaire.md","Payment and Evidence","| 29 | Are transport, meals, devices, or tutoring included? | Recommended: excluded unless expressly approved | |","Historical / Superseded","Administrative","Move to archive/reference","","","Leave as reference unless final issue pack excludes historical material.","Keep"
"DEC-411","01_drafting/governance/open-questions/EDrill_Family_Bursary_Decision_Questionnaire.md","Payment and Evidence","| 31 | Can unused award funds be carried forward? | Recommended: no | |","Historical / Superseded","Administrative","Move to archive/reference","","","Leave as reference unless final issue pack excludes historical material.","Keep"
"DEC-412","01_drafting/governance/open-questions/EDrill_Family_Bursary_Decision_Questionnaire.md","Selection","| No. | Question | Recommended default | Decision / comment |","Historical / Superseded","Administrative","Move to archive/reference","","","Leave as reference unless final issue pack excludes historical material.","Keep"
"DEC-413","01_drafting/governance/open-questions/EDrill_Family_Bursary_Decision_Questionnaire.md","Selection","| 33 | Should the scheme use academic merit? | Recommended: no, except minimum proof of enrolment/attendance; this is a welfare bursary, not a prize | |","Historical / Superseded","Administrative","Move to archive/reference","","","Leave as reference unless final issue pack excludes historical material.","Keep"
"DEC-414","01_drafting/governance/open-questions/EDrill_Family_Bursary_Decision_Questionnaire.md","Selection","| 34 | Should renewal applicants be assessed with new applicants? | Yes. Yearly reset; applications for the next award year due to the Committee by 1 October of the previous year | |","Historical / Superseded","Administrative","Move to archive/reference","Annual reset; no automatic renewal and no automatic renewal priority.","","Leave as reference unless final issue pack excludes historical material.","Keep"
"DEC-415","01_drafting/governance/open-questions/EDrill_Family_Bursary_Decision_Questionnaire.md","Selection","| 35 | Should applications be anonymised for committee review? | Yes. Finance first confirms salary-cap eligibility, then applications are anonymised for Committee review | |","Historical / Superseded","Administrative","Move to archive/reference","","","Leave as reference unless final issue pack excludes historical material.","Keep"
"DEC-416","01_drafting/governance/open-questions/EDrill_Family_Bursary_Decision_Questionnaire.md","Selection","| 36 | Is there an appeal process? | Recommended: yes, limited to procedural error, new evidence, or exceptional hardship | |","Historical / Superseded","Administrative","Move to archive/reference","Appeals go to the Chairman of the Committee.","","Leave as reference unless final issue pack excludes historical material.","Keep"
"DEC-417","01_drafting/governance/open-questions/EDrill_Family_Bursary_Decision_Questionnaire.md","3. Labour-Hire Agency Decisions","| No. | Question | Recommended default | Decision / comment |","Historical / Superseded","Administrative","Move to archive/reference","","","Leave as reference unless final issue pack excludes historical material.","Keep"
"DEC-418","01_drafting/governance/open-questions/EDrill_Family_Bursary_Decision_Questionnaire.md","3. Labour-Hire Agency Decisions","| 39 | Does the labour-hire agency need to formally acknowledge the scheme? | Recommended: yes, including onward-payment obligations if funds are routed through the agency | |","Historical / Superseded","Administrative","Move to archive/reference","","","Leave as reference unless final issue pack excludes historical material.","Keep"
"DEC-419","01_drafting/governance/open-questions/EDrill_Family_Bursary_Decision_Questionnaire.md","3. Labour-Hire Agency Decisions","| 40 | Should payment be made via the labour-hire agency, direct to employee, or to school? | Current instruction: pay the relevant labour-hire agency for onward payment to its employee, subject to Finance/Legal controls | |","Historical / Superseded","Administrative","Move to archive/reference","Labour-hire agency receives funds from EDMPL and pays onward using existing payroll/payment process; receipt/acknowledgement handled like salary/payment acknowledgement.","","Leave as reference unless final issue pack excludes historical material.","Keep"
"DEC-420","01_drafting/governance/open-questions/EDrill_Family_Bursary_Decision_Questionnaire.md","3. Labour-Hire Agency Decisions","| 41 | How should labour-hire beneficiaries be described? | ""Eligible employees of the appointed labour-hire agency at the time of application who are assigned to EDrill rigs"" | |","Historical / Superseded","Administrative","Move to archive/reference","Use: eligible employees of the appointed labour-hire agency at the time of application who are assigned to EDrill rigs.","","Leave as reference unless final issue pack excludes historical material.","Keep"
"DEC-421","01_drafting/governance/open-questions/EDrill_Family_Bursary_Decision_Questionnaire.md","3. Labour-Hire Agency Decisions","| 42 | What wording should be avoided? | Avoid ""our employees"" when referring to labour-hire agency staff | |","Historical / Superseded","Administrative","Move to archive/reference","","","Leave as reference unless final issue pack excludes historical material.","Keep"
"DEC-422","01_drafting/governance/open-questions/EDrill_Family_Bursary_Decision_Questionnaire.md","4. Finance / Payroll / Tax Questions","These questions should be answered before any award letter is issued.","Historical / Superseded","Administrative","Move to archive/reference","","","Leave as reference unless final issue pack excludes historical material.","Keep"
"DEC-423","01_drafting/governance/open-questions/EDrill_Family_Bursary_Decision_Questionnaire.md","4. Finance / Payroll / Tax Questions","| 45 | Is the bursary taxable to the employee in Thailand? | Recipient-taxable treatment is recorded; company-side Finance/Payroll processing remains a launch gate. |","Historical / Superseded","Administrative","Move to archive/reference","EDrill employee payments go through normal payroll into the employee bank account as a payslip line item.","","Leave as reference unless final issue pack excludes historical material.","Keep"
"DEC-424","01_drafting/governance/open-questions/EDrill_Family_Bursary_Decision_Questionnaire.md","4. Finance / Payroll / Tax Questions","| 48 | Should payment be processed through payroll or accounts payable? | |","Historical / Superseded","Administrative","Move to archive/reference","EDrill employee payments go through normal payroll into the employee bank account as a payslip line item.","","Leave as reference unless final issue pack excludes historical material.","Keep"
"DEC-425","01_drafting/governance/open-questions/EDrill_Family_Bursary_Decision_Questionnaire.md","4. Finance / Payroll / Tax Questions","| 51 | How should labour-hire-agency-related awards be booked? | |","Historical / Superseded","Administrative","Move to archive/reference","","","Leave as reference unless final issue pack excludes historical material.","Keep"
"DEC-426","01_drafting/governance/open-questions/EDrill_Family_Bursary_Decision_Questionnaire.md","4. Finance / Payroll / Tax Questions","| 53 | Is Board, executive, or shareholder approval required for this expenditure? | |","Historical / Superseded","Administrative","Move to archive/reference","","","Leave as reference unless final issue pack excludes historical material.","Keep"
"DEC-427","01_drafting/governance/open-questions/EDrill_Family_Bursary_Decision_Questionnaire.md","6. Recommended First-Year Operating Model","The following model is recommended unless the decision-makers choose otherwise:","Historical / Superseded","Administrative","Move to archive/reference","","","Leave as reference unless final issue pack excludes historical material.","Keep"
"DEC-428","01_drafting/governance/open-questions/EDrill_Family_Bursary_Decision_Questionnaire.md","6. Recommended First-Year Operating Model","- EDrill payment cadence: quarterly, subject to continued eligibility and evidence.","Historical / Superseded","Administrative","Move to archive/reference","","","Leave as reference unless final issue pack excludes historical material.","Keep"
"DEC-429","01_drafting/governance/open-questions/EDrill_Family_Bursary_Decision_Questionnaire.md","6. Recommended First-Year Operating Model","- Labour-hire award: up to THB 8,000 per month, paid quarterly, subject to verification.","Historical / Superseded","Administrative","Move to archive/reference","","","Leave as reference unless final issue pack excludes historical material.","Keep"
"DEC-430","01_drafting/governance/open-questions/EDrill_Family_Bursary_Decision_Questionnaire.md","6. Recommended First-Year Operating Model","- External communication: do not publish a LinkedIn announcement until the scheme documents and legal/tax checks are approved.","Historical / Superseded","Administrative","Move to archive/reference","Final communications still need pre-publication check.","","Leave as reference unless final issue pack excludes historical material.","Keep"
"DEC-431","01_drafting/governance/open-questions/EDrill_Family_Bursary_Decision_Questionnaire.md","7. Proposed Committee Scoring Model","This scoring model is only a draft. It should be reviewed by HR and approved before use.","Historical / Superseded","Administrative","Move to archive/reference","","","Leave as reference unless final issue pack excludes historical material.","Keep"
"DEC-432","01_drafting/governance/open-questions/EDrill_Family_Bursary_Decision_Questionnaire.md","7. Proposed Committee Scoring Model","Recommended tie-breakers:","Historical / Superseded","Administrative","Move to archive/reference","","","Leave as reference unless final issue pack excludes historical material.","Keep"
"DEC-433","01_drafting/governance/open-questions/EDrill_Family_Bursary_Decision_Questionnaire.md","7. Proposed Committee Scoring Model","5. Committee chair decision, recorded with reasons.","Historical / Superseded","Administrative","Move to archive/reference","","","Leave as reference unless final issue pack excludes historical material.","Keep"
"DEC-434","01_drafting/governance/open-questions/EDrill_Family_Bursary_Decision_Questionnaire.md","9. Short Email To Send With This Questionnaire","Following the initial discussion on the EDrill Family Bursary for Thailand operations, I have prepared the attached decision questionnaire to confirm the key points before the formal charter, procedure, forms, and communication materials are drafted.","Historical / Superseded","Administrative","Move to archive/reference","","","Leave as reference unless final issue pack excludes historical material.","Keep"
"DEC-435","01_drafting/governance/open-questions/EDrill_Family_Bursary_Decision_Questionnaire.md","9. Short Email To Send With This Questionnaire","The main recommendation is to treat the first launch as an internal company-funded education bursary administered by the Bangkok office, rather than as a separate charity, foundation, or registered society. This keeps the first implementation practical while preserving the option to develop a more formal Singapore ROS or employee/member-funded structure l...","Historical / Superseded","Administrative","Move to archive/reference","No ROS activation and no fundraising in Phase 1.","","Leave as reference unless final issue pack excludes historical material.","Keep"
"DEC-436","01_drafting/governance/open-questions/EDrill_Family_Bursary_Draft_Society_Constitution_Placeholder_FUTURE.md","The EDrill Family Bursary Society - Draft Constitution Placeholder","Important: this is not ready for filing with the Registry of Societies. If EDrill decides to create a society, the official ROS constitution template should be used as the starting point and Singapore legal advice should be obtained.","Historical / Superseded","Administrative","Move to archive/reference","No ROS activation and no fundraising in Phase 1.","","Leave as reference unless final issue pack excludes historical material.","Keep"
"DEC-437","01_drafting/governance/open-questions/EDrill_Family_Bursary_Draft_Society_Constitution_Placeholder_FUTURE.md","1. Name","Alternative names may be required if applying under the normal ROS registration process.","Historical / Superseded","Administrative","Move to archive/reference","No ROS activation and no fundraising in Phase 1.","","Leave as reference unless final issue pack excludes historical material.","Keep"
"DEC-438","01_drafting/governance/open-questions/EDrill_Family_Bursary_Draft_Society_Constitution_Placeholder_FUTURE.md","2. Place of Business","> [Singapore registered address to be confirmed]","Historical / Superseded","Administrative","Move to archive/reference","","","Leave as reference unless final issue pack excludes historical material.","Keep"
"DEC-439","01_drafting/governance/open-questions/EDrill_Family_Bursary_Draft_Society_Constitution_Placeholder_FUTURE.md","5. Entrance Fees, Subscriptions, and Contributions","No membership fee, subscription, or contribution model should be included until the funding and fundraising structure is legally confirmed.","Historical / Superseded","Administrative","Move to archive/reference","No ROS activation and no fundraising in Phase 1.","","Leave as reference unless final issue pack excludes historical material.","Keep"
"DEC-440","01_drafting/governance/open-questions/EDrill_Family_Bursary_Draft_Society_Constitution_Placeholder_FUTURE.md","10. Bursary Administration","Rules should cover:","Historical / Superseded","Administrative","Move to archive/reference","","","Leave as reference unless final issue pack excludes historical material.","Keep"
"DEC-441","01_drafting/governance/open-questions/EDrill_Family_Bursary_Draft_Society_Constitution_Placeholder_FUTURE.md","11. Fundraising","No fundraising clause should be activated until the Society has confirmed the applicable legal requirements.","Historical / Superseded","Administrative","Move to archive/reference","No ROS activation and no fundraising in Phase 1.","","Leave as reference unless final issue pack excludes historical material.","Keep"
"DEC-442","01_drafting/governance/open-questions/EDrill_Family_Bursary_Draft_Society_Constitution_Placeholder_FUTURE.md","12. Prohibitions and Restrictions","- no political activities unless permitted;","Historical / Superseded","Administrative","Move to archive/reference","","","Leave as reference unless final issue pack excludes historical material.","Keep"
"DEC-443","01_drafting/governance/open-questions/EDrill_Family_Bursary_Draft_Society_Constitution_Placeholder_FUTURE.md","13. Amendments to Constitution","Amendments should require member approval and regulatory filing/approval where required.","Historical / Superseded","Administrative","Move to archive/reference","","","Leave as reference unless final issue pack excludes historical material.","Keep"
"DEC-444","01_drafting/governance/open-questions/EDrill_Family_Bursary_Draft_Society_Constitution_Placeholder_FUTURE.md","14. Dissolution","- prohibition on distribution to members unless lawful;","Historical / Superseded","Administrative","Move to archive/reference","","","Leave as reference unless final issue pack excludes historical material.","Keep"
"DEC-445","01_drafting/governance/open-questions/EDrill_Family_Bursary_Fundraising_Controls_Placeholder_FUTURE.md","1. Current Position","Phase 1 must not:","Historical / Superseded","Administrative","Move to archive/reference","","","Leave as reference unless final issue pack excludes historical material.","Keep"
"DEC-446","01_drafting/governance/open-questions/EDrill_Family_Bursary_Fundraising_Controls_Placeholder_FUTURE.md","4. Key Legal Questions","Before any fundraising begins, EDrill should confirm:","Historical / Superseded","Administrative","Move to archive/reference","No ROS activation and no fundraising in Phase 1.","","Leave as reference unless final issue pack excludes historical material.","Keep"
"DEC-447","01_drafting/governance/open-questions/EDrill_Family_Bursary_Fundraising_Controls_Placeholder_FUTURE.md","4. Key Legal Questions","7. Is a permit, disclosure, charity registration, ROS filing, or other approval required?","Historical / Superseded","Administrative","Move to archive/reference","No ROS activation and no fundraising in Phase 1.","","Leave as reference unless final issue pack excludes historical material.","Keep"
"DEC-448","01_drafting/governance/open-questions/EDrill_Family_Bursary_Fundraising_Controls_Placeholder_FUTURE.md","5. Minimum Controls Before Accepting Contributions","No contribution should be accepted until these are approved:","Historical / Superseded","Administrative","Move to archive/reference","","","Leave as reference unless final issue pack excludes historical material.","Keep"
"DEC-449","01_drafting/governance/open-questions/EDrill_Family_Bursary_Fundraising_Controls_Placeholder_FUTURE.md","8. Donor / Contributor Communication Rules","Any future fundraising communication should clearly state:","Historical / Superseded","Administrative","Move to archive/reference","No ROS activation and no fundraising in Phase 1.","","Leave as reference unless final issue pack excludes historical material.","Keep"
"DEC-450","01_drafting/governance/open-questions/EDrill_Family_Bursary_Fundraising_Controls_Placeholder_FUTURE.md","8. Donor / Contributor Communication Rules","Do not imply charity registration, IPC status, tax deductibility, or official approval unless confirmed.","Historical / Superseded","Administrative","Move to archive/reference","No ROS activation and no fundraising in Phase 1.","","Leave as reference unless final issue pack excludes historical material.","Keep"
"DEC-451","01_drafting/governance/open-questions/EDrill_Family_Bursary_Fundraising_Controls_Placeholder_FUTURE.md","9. Financial Controls","A future fundraising model should include:","Historical / Superseded","Administrative","Move to archive/reference","No ROS activation and no fundraising in Phase 1.","","Leave as reference unless final issue pack excludes historical material.","Keep"
"DEC-452","01_drafting/governance/open-questions/EDrill_Family_Bursary_Fundraising_Controls_Placeholder_FUTURE.md","11. Use of Funds","Funds should only be used for approved bursary purposes.","Historical / Superseded","Administrative","Move to archive/reference","","","Leave as reference unless final issue pack excludes historical material.","Keep"
"DEC-453","01_drafting/governance/open-questions/EDrill_Family_Bursary_Fundraising_Controls_Placeholder_FUTURE.md","11. Use of Funds","Rules should specify:","Historical / Superseded","Administrative","Move to archive/reference","","","Leave as reference unless final issue pack excludes historical material.","Keep"
"DEC-454","01_drafting/governance/open-questions/EDrill_Family_Bursary_Fundraising_Controls_Placeholder_FUTURE.md","12. Records","Future fundraising records should include:","Historical / Superseded","Administrative","Move to archive/reference","No ROS activation and no fundraising in Phase 1.","","Leave as reference unless final issue pack excludes historical material.","Keep"
"DEC-455","01_drafting/governance/open-questions/EDrill_Family_Bursary_Fundraising_Controls_Placeholder_FUTURE.md","12. Records","- permit/disclosure records, if applicable;","Historical / Superseded","Administrative","Move to archive/reference","","","Leave as reference unless final issue pack excludes historical material.","Keep"
"DEC-456","01_drafting/governance/open-questions/EDrill_Family_Bursary_Fundraising_Controls_Placeholder_FUTURE.md","13. Decision Required Before Activation","| Decision | Owner | Status |","Historical / Superseded","Administrative","Move to archive/reference","","","Leave as reference unless final issue pack excludes historical material.","Keep"
"DEC-457","01_drafting/governance/open-questions/EDrill_Family_Bursary_Fundraising_Controls_Placeholder_FUTURE.md","13. Decision Required Before Activation","| Legal structure selected | Executive Sponsor / Legal | Open |","Historical / Superseded","Administrative","Move to archive/reference","","","Leave as reference unless final issue pack excludes historical material.","Keep"
"DEC-458","01_drafting/governance/open-questions/EDrill_Family_Bursary_Fundraising_Controls_Placeholder_FUTURE.md","13. Decision Required Before Activation","| Fundraising type selected | Legal / Finance | Open |","Historical / Superseded","Administrative","Move to archive/reference","No ROS activation and no fundraising in Phase 1.","","Leave as reference unless final issue pack excludes historical material.","Keep"
"DEC-459","01_drafting/governance/open-questions/EDrill_Family_Bursary_Fundraising_Controls_Placeholder_FUTURE.md","13. Decision Required Before Activation","| Beneficiary geography confirmed | Executive Sponsor / HR | Open |","Historical / Superseded","Administrative","Move to archive/reference","Phase 1 is Thailand-only; future expansion is later review only.","","Leave as reference unless final issue pack excludes historical material.","Keep"
"DEC-460","01_drafting/governance/open-questions/EDrill_Family_Bursary_Fundraising_Controls_Placeholder_FUTURE.md","13. Decision Required Before Activation","| Permit/disclosure requirements confirmed | Legal / Compliance | Open |","Historical / Superseded","Administrative","Move to archive/reference","","","Leave as reference unless final issue pack excludes historical material.","Keep"
"DEC-461","01_drafting/governance/open-questions/EDrill_Family_Bursary_Fundraising_Controls_Placeholder_FUTURE.md","13. Decision Required Before Activation","| Bank/accounting model confirmed | Finance | Open |","Historical / Superseded","Administrative","Move to archive/reference","","","Leave as reference unless final issue pack excludes historical material.","Keep"
"DEC-462","01_drafting/governance/open-questions/EDrill_Family_Bursary_Fundraising_Controls_Placeholder_FUTURE.md","13. Decision Required Before Activation","| Donor communication approved | Legal / Communications | Open |","Historical / Superseded","Administrative","Move to archive/reference","Final communications still need pre-publication check.","","Leave as reference unless final issue pack excludes historical material.","Keep"
"DEC-463","01_drafting/governance/open-questions/EDrill_Family_Bursary_Fundraising_Controls_Placeholder_FUTURE.md","13. Decision Required Before Activation","| Reporting model approved | Finance / Legal | Open |","Historical / Superseded","Administrative","Move to archive/reference","","","Leave as reference unless final issue pack excludes historical material.","Keep"
"DEC-464","01_drafting/governance/open-questions/EDrill_Family_Bursary_Fundraising_Controls_Placeholder_FUTURE.md","14. Recommended Position","Do not accept contributions until the future legal structure and fundraising controls are approved.","Historical / Superseded","Administrative","Move to archive/reference","No ROS activation and no fundraising in Phase 1.","","Leave as reference unless final issue pack excludes historical material.","Keep"
"DEC-465","01_drafting/governance/open-questions/EDrill_Family_Bursary_Legal_Compliance_Action_Note.md","The EDrill Family Bursary - Legal and Compliance Action Note","Important: this is not legal advice. It is an internal control note to help EDrill ask the right questions and avoid launching the scheme on weak assumptions.","Historical / Superseded","Administrative","Move to archive/reference","","","Leave as reference unless final issue pack excludes historical material.","Keep"
"DEC-466","01_drafting/governance/open-questions/EDrill_Family_Bursary_Legal_Compliance_Action_Note.md","1. Executive Position","The first launch should not describe the scheme as a charity, foundation, public fund, registered society, or donation-funded programme.","Historical / Superseded","Administrative","Move to archive/reference","No ROS activation and no fundraising in Phase 1.","","Leave as reference unless final issue pack excludes historical material.","Keep"
"DEC-467","01_drafting/governance/open-questions/EDrill_Family_Bursary_Legal_Compliance_Action_Note.md","1. Executive Position","Recommended first governing document name:","Historical / Superseded","Administrative","Move to archive/reference","","","Leave as reference unless final issue pack excludes historical material.","Keep"
"DEC-468","01_drafting/governance/open-questions/EDrill_Family_Bursary_Legal_Compliance_Action_Note.md","Singapore - Registry of Societies","Official ROS guidance states that a society is a club, company, partnership, or association of 10 or more persons, whatever its nature or object, and not registered under another law. A society of 10 or more persons should seek registration unless an exemption applies.","Historical / Superseded","Administrative","Move to archive/reference","No ROS activation and no fundraising in Phase 1.","","Leave as reference unless final issue pack excludes historical material.","Keep"
"DEC-469","01_drafting/governance/open-questions/EDrill_Family_Bursary_Legal_Compliance_Action_Note.md","Singapore - Registry of Societies","- If EDrill later creates a Singapore society, the future constitution should be drafted using the ROS template as a starting point.","Historical / Superseded","Administrative","Move to archive/reference","No ROS activation and no fundraising in Phase 1.","","Leave as reference unless final issue pack excludes historical material.","Keep"
"DEC-470","01_drafting/governance/open-questions/EDrill_Family_Bursary_Legal_Compliance_Action_Note.md","Singapore - Annual Reporting If A Society Is Later Formed","- The Phase 1 scheme should keep clean records even though it is not yet a society.","Historical / Superseded","Administrative","Move to archive/reference","No ROS activation and no fundraising in Phase 1.","","Leave as reference unless final issue pack excludes historical material.","Keep"
"DEC-471","01_drafting/governance/open-questions/EDrill_Family_Bursary_Legal_Compliance_Action_Note.md","Singapore - Fundraising","- Do not solicit donations in Singapore at Phase 1.","Historical / Superseded","Administrative","Move to archive/reference","","","Leave as reference unless final issue pack excludes historical material.","Keep"
"DEC-472","01_drafting/governance/open-questions/EDrill_Family_Bursary_Legal_Compliance_Action_Note.md","Singapore - Fundraising","- Do not add ""donate"", ""contribute"", ""fundraiser"", or similar wording to LinkedIn or internal communications unless the fundraising structure has been reviewed.","Historical / Superseded","Administrative","Move to archive/reference","No ROS activation and no fundraising in Phase 1.","","Leave as reference unless final issue pack excludes historical material.","Keep"
"DEC-473","01_drafting/governance/open-questions/EDrill_Family_Bursary_Legal_Compliance_Action_Note.md","Thailand - Tax, Payroll, Labour, and Privacy","- Bursary payments should be treated as tax liable to the recipient.","Historical / Superseded","Administrative","Move to archive/reference","Bursary payments are tax liable to the recipient; recipient handles their own tax position.","","Leave as reference unless final issue pack excludes historical material.","Keep"
"DEC-474","01_drafting/governance/open-questions/EDrill_Family_Bursary_Legal_Compliance_Action_Note.md","Thailand - Tax, Payroll, Labour, and Privacy","- EDrill should not describe the bursary as tax-free.","Historical / Superseded","Administrative","Move to archive/reference","Bursary payments are tax liable to the recipient; recipient handles their own tax position.","","Leave as reference unless final issue pack excludes historical material.","Keep"
"DEC-475","01_drafting/governance/open-questions/EDrill_Family_Bursary_Legal_Compliance_Action_Note.md","Thailand - Tax, Payroll, Labour, and Privacy","- Direct employee bank-account payment should be treated as a controlled recipient-taxable payroll route.","Historical / Superseded","Administrative","Move to archive/reference","EDrill employee payments go through normal payroll into the employee bank account as a payslip line item.","","Leave as reference unless final issue pack excludes historical material.","Keep"
"DEC-476","01_drafting/governance/open-questions/EDrill_Family_Bursary_Legal_Compliance_Action_Note.md","Thailand - Tax, Payroll, Labour, and Privacy","- Payment through a labour-hire agency should be separately confirmed for accounting, withholding/reporting, onward-payment evidence, and labour-law treatment.","Historical / Superseded","Administrative","Move to archive/reference","","","Leave as reference unless final issue pack excludes historical material.","Keep"
"DEC-477","01_drafting/governance/open-questions/EDrill_Family_Bursary_Legal_Compliance_Action_Note.md","Thailand - Tax, Payroll, Labour, and Privacy","Thailand labour-hire note:","Historical / Superseded","Administrative","Move to archive/reference","","","Leave as reference unless final issue pack excludes historical material.","Keep"
"DEC-478","01_drafting/governance/open-questions/EDrill_Family_Bursary_Legal_Compliance_Action_Note.md","Thailand - Tax, Payroll, Labour, and Privacy","- The Bursary should use objective eligibility criteria, agency-neutral wording, and Legal-approved controls.","Historical / Superseded","Administrative","Move to archive/reference","","","Leave as reference unless final issue pack excludes historical material.","Keep"
"DEC-479","01_drafting/governance/open-questions/EDrill_Family_Bursary_Legal_Compliance_Action_Note.md","Thailand - Tax, Payroll, Labour, and Privacy","- The application form should collect only necessary data.","Historical / Superseded","Administrative","Move to archive/reference","","","Leave as reference unless final issue pack excludes historical material.","Keep"
"DEC-480","01_drafting/governance/open-questions/EDrill_Family_Bursary_Legal_Compliance_Action_Note.md","Thailand - Tax, Payroll, Labour, and Privacy","- Applicant consent should cover collection, verification, review, storage, and limited internal transfer of data.","Historical / Superseded","Administrative","Move to archive/reference","","","Leave as reference unless final issue pack excludes historical material.","Keep"
"DEC-481","01_drafting/governance/open-questions/EDrill_Family_Bursary_Legal_Compliance_Action_Note.md","Thailand - Tax, Payroll, Labour, and Privacy","- Publication of beneficiary names or photos should require separate written consent.","Historical / Superseded","Administrative","Move to archive/reference","","","Leave as reference unless final issue pack excludes historical material.","Keep"
"DEC-482","01_drafting/governance/open-questions/EDrill_Family_Bursary_Legal_Compliance_Action_Note.md","3. Launch Gates","The bursary should not launch until each gate below has an accountable owner and recorded answer.","Historical / Superseded","Administrative","Move to archive/reference","","","Leave as reference unless final issue pack excludes historical material.","Keep"
"DEC-483","01_drafting/governance/open-questions/EDrill_Family_Bursary_Legal_Compliance_Action_Note.md","4. Thailand Questions To Send To Finance / Payroll / Legal","These should be answered in writing before the first award.","Historical / Superseded","Administrative","Move to archive/reference","","","Leave as reference unless final issue pack excludes historical material.","Keep"
"DEC-484","01_drafting/governance/open-questions/EDrill_Family_Bursary_Legal_Compliance_Action_Note.md","4. Thailand Questions To Send To Finance / Payroll / Legal","1. Given the working position that payments are tax liable to the recipient, what payroll/reporting category should be used?","Historical / Superseded","Administrative","Move to archive/reference","EDrill employee payments go through normal payroll into the employee bank account as a payslip line item.","","Leave as reference unless final issue pack excludes historical material.","Keep"
"DEC-485","01_drafting/governance/open-questions/EDrill_Family_Bursary_Legal_Compliance_Action_Note.md","4. Thailand Questions To Send To Finance / Payroll / Legal","5. Should payment be processed via payroll or accounts payable?","Historical / Superseded","Administrative","Move to archive/reference","EDrill employee payments go through normal payroll into the employee bank account as a payslip line item.","","Leave as reference unless final issue pack excludes historical material.","Keep"
"DEC-486","01_drafting/governance/open-questions/EDrill_Family_Bursary_Legal_Compliance_Action_Note.md","4. Thailand Questions To Send To Finance / Payroll / Legal","15. What retention period should apply to application documents?","Historical / Superseded","Administrative","Move to archive/reference","","","Leave as reference unless final issue pack excludes historical material.","Keep"
"DEC-487","01_drafting/governance/open-questions/EDrill_Family_Bursary_Legal_Compliance_Action_Note.md","5. Labour-Hire Agency Risk Note","Recommended controls:","Historical / Superseded","Administrative","Move to archive/reference","","","Leave as reference unless final issue pack excludes historical material.","Keep"
"DEC-488","01_drafting/governance/open-questions/EDrill_Family_Bursary_Legal_Compliance_Action_Note.md","6. Recommended Payment-Control Position","- State that payment is subject to applicable tax, payroll, withholding, and reporting treatment.","Historical / Superseded","Administrative","Move to archive/reference","EDrill employee payments go through normal payroll into the employee bank account as a payslip line item.","","Leave as reference unless final issue pack excludes historical material.","Keep"
"DEC-489","01_drafting/governance/open-questions/EDrill_Family_Bursary_Legal_Compliance_Action_Note.md","6. Recommended Payment-Control Position","- Do not describe the award as tax-free.","Historical / Superseded","Administrative","Move to archive/reference","Bursary payments are tax liable to the recipient; recipient handles their own tax position.","","Leave as reference unless final issue pack excludes historical material.","Keep"
"DEC-490","01_drafting/governance/open-questions/EDrill_Family_Bursary_Legal_Compliance_Action_Note.md","7. Public Communication Controls","Do not publish a LinkedIn post until:","Historical / Superseded","Administrative","Move to archive/reference","Final communications still need pre-publication check.","","Leave as reference unless final issue pack excludes historical material.","Keep"
"DEC-491","01_drafting/governance/open-questions/EDrill_Family_Bursary_Legal_Compliance_Action_Note.md","7. Public Communication Controls","- subject to annual review and available bursary places","Historical / Superseded","Administrative","Move to archive/reference","","","Leave as reference unless final issue pack excludes historical material.","Keep"
"DEC-492","01_drafting/governance/open-questions/EDrill_Family_Bursary_Legal_Compliance_Action_Note.md","8. Future Singapore ROS / Fundraising Pathway","If the scheme later ""catches on"" and EDrill wants to raise funds from employees, members, or a wider community in Singapore, the future workstream should answer:","Historical / Superseded","Administrative","Move to archive/reference","","","Leave as reference unless final issue pack excludes historical material.","Keep"
"DEC-493","01_drafting/governance/open-questions/EDrill_Family_Bursary_Legal_Compliance_Action_Note.md","8. Future Singapore ROS / Fundraising Pathway","Recommended future-readiness clause for Phase 1 documents:","Historical / Superseded","Administrative","Move to archive/reference","","","Leave as reference unless final issue pack excludes historical material.","Keep"
"DEC-494","01_drafting/governance/open-questions/EDrill_Family_Bursary_Legal_Compliance_Action_Note.md","8. Future Singapore ROS / Fundraising Pathway","> The Company may review the structure, funding model, administration, or legal form of the Bursary from time to time, including whether the Bursary should remain an internal company-funded scheme or be replaced, supplemented, or succeeded by another approved structure.","Historical / Superseded","Administrative","Move to archive/reference","","","Leave as reference unless final issue pack excludes historical material.","Keep"
"DEC-495","01_drafting/governance/open-questions/EDrill_Family_Bursary_Legal_Compliance_Action_Note.md","9. Required Evidence File For First Launch","- labour-hire agency acknowledgement, if applicable.","Historical / Superseded","Administrative","Move to archive/reference","","","Leave as reference unless final issue pack excludes historical material.","Keep"
"DEC-496","01_drafting/governance/open-questions/EDrill_Family_Bursary_Legal_Compliance_Action_Note.md","10. Source Anchors Checked","The following official source anchors were checked for this action note:","Historical / Superseded","Administrative","Move to archive/reference","","","Leave as reference unless final issue pack excludes historical material.","Keep"
"DEC-497","01_drafting/governance/open-questions/EDrill_Family_Bursary_Legal_Compliance_Action_Note.md","10. Source Anchors Checked","- Singapore Registry of Societies, What you should know: registration information, constitution, office bearers, member information.","Historical / Superseded","Administrative","Move to archive/reference","","","Leave as reference unless final issue pack excludes historical material.","Keep"
"DEC-498","01_drafting/governance/open-questions/EDrill_Family_Bursary_Marcus_Clarification_Question.md","1. Current Position","The earlier question on whether awards should be given to the ""most needy"" eligible applicants first has been superseded by the current working position:","Historical / Superseded","Administrative","Move to archive/reference","","","Leave as reference unless final issue pack excludes historical material.","Keep"
"DEC-499","01_drafting/governance/open-questions/EDrill_Family_Bursary_Marcus_Clarification_Question.md","1. Current Position","> Applications should be assessed by the Committee using a means-tested, need-weighted approach. A family may apply for multiple children, and each child/application should be assessed under the approved criteria and the annual cap.","Historical / Superseded","Administrative","Move to archive/reference","Families may apply for multiple children; each child/application is means-tested separately under the annual cap.","","Leave as reference unless final issue pack excludes historical material.","Keep"
"DEC-500","01_drafting/governance/open-questions/EDrill_Family_Bursary_Marcus_Clarification_Question.md","2. Selection Position To Carry Forward","If eligible applications exceed available bursary places, the Committee should rank applications using the approved scoring model, weighted toward financial need and family circumstances.","Historical / Superseded","Administrative","Move to archive/reference","","","Leave as reference unless final issue pack excludes historical material.","Keep"
"DEC-501","01_drafting/governance/open-questions/EDrill_Family_Bursary_Marcus_Clarification_Question.md","2. Selection Position To Carry Forward","The scheme should remain a welfare-oriented education support bursary, not an academic prize and not a random draw.","Historical / Superseded","Administrative","Move to archive/reference","","","Leave as reference unless final issue pack excludes historical material.","Keep"
"DEC-502","01_drafting/governance/open-questions/EDrill_Family_Bursary_Marcus_Clarification_Question.md","3. Related Rules Now Reflected Elsewhere","- Labour-hire wording should refer to the appointed labour-hire agency at the time of application.","Historical / Superseded","Administrative","Move to archive/reference","Use: eligible employees of the appointed labour-hire agency at the time of application who are assigned to EDrill rigs.","","Leave as reference unless final issue pack excludes historical material.","Keep"
"DEC-503","01_drafting/governance/open-questions/EDrill_Family_Bursary_Marcus_Clarification_Question.md","4. Action","Do not send the earlier Marcus question. Proceed using the Decision Log, Eligibility and Selection Rules, SOP, and Evidence Checklist as updated.","Historical / Superseded","Administrative","Move to archive/reference","","","Leave as reference unless final issue pack excludes historical material.","Keep"
"DEC-504","01_drafting/governance/open-questions/EDrill_Family_Bursary_ROS_Feasibility_Note_FUTURE.md","The EDrill Family Bursary - Future Singapore ROS Feasibility Note","Purpose: preserve the option to develop The EDrill Family Bursary into a Singapore registered society or related structure if the initiative later grows beyond a company-funded internal scheme.","Historical / Superseded","Administrative","Move to archive/reference","No ROS activation and no fundraising in Phase 1.","","Leave as reference unless final issue pack excludes historical material.","Keep"
"DEC-505","01_drafting/governance/open-questions/EDrill_Family_Bursary_ROS_Feasibility_Note_FUTURE.md","1. Current Position","Phase 1 should not be described as:","Historical / Superseded","Administrative","Move to archive/reference","","","Leave as reference unless final issue pack excludes historical material.","Keep"
"DEC-506","01_drafting/governance/open-questions/EDrill_Family_Bursary_ROS_Feasibility_Note_FUTURE.md","3. ROS Registration Considerations","- society name and alternative names;","Historical / Superseded","Administrative","Move to archive/reference","No ROS activation and no fundraising in Phase 1.","","Leave as reference unless final issue pack excludes historical material.","Keep"
"DEC-507","01_drafting/governance/open-questions/EDrill_Family_Bursary_ROS_Feasibility_Note_FUTURE.md","3. ROS Registration Considerations","The ROS constitution template should be used as the starting point if the future society route is chosen.","Historical / Superseded","Administrative","Move to archive/reference","No ROS activation and no fundraising in Phase 1.","","Leave as reference unless final issue pack excludes historical material.","Keep"
"DEC-508","01_drafting/governance/open-questions/EDrill_Family_Bursary_ROS_Feasibility_Note_FUTURE.md","4. Key Strategic Question","Before moving to ROS, EDrill should decide whether the future model is actually best served by a society.","Historical / Superseded","Administrative","Move to archive/reference","No ROS activation and no fundraising in Phase 1.","","Leave as reference unless final issue pack excludes historical material.","Keep"
"DEC-509","01_drafting/governance/open-questions/EDrill_Family_Bursary_ROS_Feasibility_Note_FUTURE.md","4. Key Strategic Question","Alternative structures may include:","Historical / Superseded","Administrative","Move to archive/reference","","","Leave as reference unless final issue pack excludes historical material.","Keep"
"DEC-510","01_drafting/governance/open-questions/EDrill_Family_Bursary_ROS_Feasibility_Note_FUTURE.md","6. Future Readiness Requirements","If the future pathway is pursued, EDrill should prepare:","Historical / Superseded","Administrative","Move to archive/reference","","","Leave as reference unless final issue pack excludes historical material.","Keep"
"DEC-511","01_drafting/governance/open-questions/EDrill_Family_Bursary_ROS_Feasibility_Note_FUTURE.md","6. Future Readiness Requirements","1. legal structure recommendation;","Historical / Superseded","Administrative","Move to archive/reference","","","Leave as reference unless final issue pack excludes historical material.","Keep"
"DEC-512","01_drafting/governance/open-questions/EDrill_Family_Bursary_ROS_Feasibility_Note_FUTURE.md","7. Decision Gates Before ROS Work Starts","| Gate | Owner | Required decision |","Historical / Superseded","Administrative","Move to archive/reference","","","Leave as reference unless final issue pack excludes historical material.","Keep"
"DEC-513","01_drafting/governance/open-questions/EDrill_Family_Bursary_ROS_Feasibility_Note_FUTURE.md","8. Recommended Position","Do not start accepting employee/member contributions until the legal structure and fundraising obligations are confirmed.","Historical / Superseded","Administrative","Move to archive/reference","No ROS activation and no fundraising in Phase 1.","","Leave as reference unless final issue pack excludes historical material.","Keep"
"DEC-514","01_drafting/governance/open-questions/EDrill_Family_Bursary_ROS_Feasibility_Note_FUTURE.md","8. Recommended Position","Do not register a society merely because the Bursary ""catches on"". Register only if a separate member-based body is actually the right structure.","Historical / Superseded","Administrative","Move to archive/reference","No ROS activation and no fundraising in Phase 1.","","Leave as reference unless final issue pack excludes historical material.","Keep"
"DEC-515","01_drafting/governance/open-questions/EDrill_Family_Bursary_Setup_Brief.md","1. Working Aim","The EDrill Family Bursary is intended to support the education of eligible children of Energy Drilling employees in Thailand, with a possible extension to eligible labour-hire agency employees working on EDrill rigs. The immediate objective is to create a controlled company-funded bursary scheme for Thailand operations. A longer-term option is to preserve...","Historical / Superseded","Administrative","Move to archive/reference","No ROS activation and no fundraising in Phase 1.","","Leave as reference unless final issue pack excludes historical material.","Keep"
"DEC-516","01_drafting/governance/open-questions/EDrill_Family_Bursary_Setup_Brief.md","2. Known Source Facts From Email Chain","- Eligible Energy Drilling Thailand employees include eligible Thai crew assigned to ED1, ED2, T15, T16, and GHTH, as well as EVE, subject to salary and age criteria.","Historical / Superseded","Administrative","Move to archive/reference","","","Leave as reference unless final issue pack excludes historical material.","Keep"
"DEC-517","01_drafting/governance/open-questions/EDrill_Family_Bursary_Setup_Brief.md","2. Known Source Facts From Email Chain","- Existing recipients may be considered for continuation in later years, subject to eligibility review and available slots.","Historical / Superseded","Administrative","Move to archive/reference","","","Leave as reference unless final issue pack excludes historical material.","Keep"
"DEC-518","01_drafting/governance/open-questions/EDrill_Family_Bursary_Setup_Brief.md","2. Known Source Facts From Email Chain","- Marcus Chew later indicated that children of labour-hire agency employees working on EDrill rigs should also be included.","Historical / Superseded","Administrative","Move to archive/reference","","","Leave as reference unless final issue pack excludes historical material.","Keep"
"DEC-519","01_drafting/governance/open-questions/EDrill_Family_Bursary_Setup_Brief.md","3. Core Framing Decision","The first major decision is whether this is:","Historical / Superseded","Administrative","Move to archive/reference","","","Leave as reference unless final issue pack excludes historical material.","Keep"
"DEC-520","01_drafting/governance/open-questions/EDrill_Family_Bursary_Setup_Brief.md","3. Core Framing Decision","Recommended short-term framing:","Historical / Superseded","Administrative","Move to archive/reference","","","Leave as reference unless final issue pack excludes historical material.","Keep"
"DEC-521","01_drafting/governance/open-questions/EDrill_Family_Bursary_Setup_Brief.md","3. Core Framing Decision","The first version should be a company-funded employee family education bursary scheme, governed by an internal charter and procedure. This avoids creating the appearance of a separate legal body before the company has decided whether it wants one.","Historical / Superseded","Administrative","Move to archive/reference","","","Leave as reference unless final issue pack excludes historical material.","Keep"
"DEC-522","01_drafting/governance/open-questions/EDrill_Family_Bursary_Setup_Brief.md","3. Core Framing Decision","Recommended long-term safeguard:","Historical / Superseded","Administrative","Move to archive/reference","","","Leave as reference unless final issue pack excludes historical material.","Keep"
"DEC-523","01_drafting/governance/open-questions/EDrill_Family_Bursary_Setup_Brief.md","3. Core Framing Decision","The documents should still use clean governance, transparent selection rules, records, financial controls, conflict-of-interest declarations, privacy controls, and annual reporting. Those features will make a later Singapore ROS or fundraising model easier to build without redesigning the scheme from zero.","Historical / Superseded","Administrative","Move to archive/reference","No ROS activation and no fundraising in Phase 1.","","Leave as reference unless final issue pack excludes historical material.","Keep"
"DEC-524","01_drafting/governance/open-questions/EDrill_Family_Bursary_Setup_Brief.md","4. Assumptions To Challenge","These assumptions should not be accepted without testing:","Historical / Superseded","Administrative","Move to archive/reference","","","Leave as reference unless final issue pack excludes historical material.","Keep"
"DEC-525","01_drafting/governance/open-questions/EDrill_Family_Bursary_Setup_Brief.md","4. Assumptions To Challenge","- That private schools should be included without caps. International or high-fee schools could undermine the welfare logic.","Historical / Superseded","Administrative","Move to archive/reference","","","Leave as reference unless final issue pack excludes historical material.","Keep"
"DEC-526","01_drafting/governance/open-questions/EDrill_Family_Bursary_Setup_Brief.md","4. Assumptions To Challenge","- That the LinkedIn post should be external at launch. Public communication may create expectations before the scheme is fully governed.","Historical / Superseded","Administrative","Move to archive/reference","Final communications still need pre-publication check.","","Leave as reference unless final issue pack excludes historical material.","Keep"
"DEC-527","01_drafting/governance/open-questions/EDrill_Family_Bursary_Setup_Brief.md","5. Legal, Tax, and Compliance Checks Required","Before launch, EDrill should obtain local confirmation on the following:","Historical / Superseded","Administrative","Move to archive/reference","","","Leave as reference unless final issue pack excludes historical material.","Keep"
"DEC-528","01_drafting/governance/open-questions/EDrill_Family_Bursary_Setup_Brief.md","Thailand","- Whether payments should be processed through payroll, accounts payable, or direct school/vendor payment.","Historical / Superseded","Administrative","Move to archive/reference","EDrill employee payments go through normal payroll into the employee bank account as a payslip line item.","","Leave as reference unless final issue pack excludes historical material.","Keep"
"DEC-529","01_drafting/governance/open-questions/EDrill_Family_Bursary_Setup_Brief.md","6. Decisions Required Before Drafting","The following decisions should be answered before formal documents are drafted.","Historical / Superseded","Administrative","Move to archive/reference","","","Leave as reference unless final issue pack excludes historical material.","Keep"
"DEC-530","01_drafting/governance/open-questions/EDrill_Family_Bursary_Setup_Brief.md","Authority and Ownership","4. Is the Bangkok office only the administrator, or also the decision authority?","Historical / Superseded","Administrative","Move to archive/reference","","","Leave as reference unless final issue pack excludes historical material.","Keep"
"DEC-531","01_drafting/governance/open-questions/EDrill_Family_Bursary_Setup_Brief.md","Eligibility","7. Should the salary threshold be base salary only, or include allowances and regular overtime?","Historical / Superseded","Administrative","Move to archive/reference","","","Leave as reference unless final issue pack excludes historical material.","Keep"
"DEC-532","01_drafting/governance/open-questions/EDrill_Family_Bursary_Setup_Brief.md","Award Value and Payment","18. Should payment be made to the school, reimbursed to the employee, or paid as cash support?","Historical / Superseded","Administrative","Move to archive/reference","","","Leave as reference unless final issue pack excludes historical material.","Keep"
"DEC-533","01_drafting/governance/open-questions/EDrill_Family_Bursary_Setup_Brief.md","Selection","23. Should previous recipients receive priority, equal treatment, or lower priority?","Historical / Superseded","Administrative","Move to archive/reference","","","Leave as reference unless final issue pack excludes historical material.","Keep"
"DEC-534","01_drafting/governance/open-questions/EDrill_Family_Bursary_Setup_Brief.md","Selection","24. Should selection be needs-based, lottery-based, merit-based, service-based, or committee-scored?","Historical / Superseded","Administrative","Move to archive/reference","","","Leave as reference unless final issue pack excludes historical material.","Keep"
"DEC-535","01_drafting/governance/open-questions/EDrill_Family_Bursary_Setup_Brief.md","Selection","25. Should applications be anonymised before committee review?","Historical / Superseded","Administrative","Move to archive/reference","","","Leave as reference unless final issue pack excludes historical material.","Keep"
"DEC-536","01_drafting/governance/open-questions/EDrill_Family_Bursary_Setup_Brief.md","Communication","37. Should the LinkedIn post mention exact values and eligibility, or only the purpose and launch?","Historical / Superseded","Administrative","Move to archive/reference","Final communications still need pre-publication check.","","Leave as reference unless final issue pack excludes historical material.","Keep"
"DEC-537","01_drafting/governance/open-questions/EDrill_Family_Bursary_Setup_Brief.md","Communication","38. Should any labour-hire agency be mentioned publicly?","Historical / Superseded","Administrative","Move to archive/reference","","","Leave as reference unless final issue pack excludes historical material.","Keep"
"DEC-538","01_drafting/governance/open-questions/EDrill_Family_Bursary_Setup_Brief.md","Communication","39. Should the scheme be positioned as employee welfare, CSR, education support, or family support?","Historical / Superseded","Administrative","Move to archive/reference","","","Leave as reference unless final issue pack excludes historical material.","Keep"
"DEC-539","01_drafting/governance/open-questions/EDrill_Family_Bursary_Setup_Brief.md","Phase 1 - Thailand Company-Funded Scheme","These are the recommended first-launch documents:","Historical / Superseded","Administrative","Move to archive/reference","","","Leave as reference unless final issue pack excludes historical material.","Keep"
"DEC-540","01_drafting/governance/open-questions/EDrill_Family_Bursary_Setup_Brief.md","Phase 1 - Thailand Company-Funded Scheme","- Scoring, eligibility check, conflict record, decision record.","Historical / Superseded","Administrative","Move to archive/reference","","","Leave as reference unless final issue pack excludes historical material.","Keep"
"DEC-541","01_drafting/governance/open-questions/EDrill_Family_Bursary_Setup_Brief.md","Phase 1 - Thailand Company-Funded Scheme","- Continuing eligibility, school progress/enrolment, payment record, annual committee decision.","Historical / Superseded","Administrative","Move to archive/reference","","","Leave as reference unless final issue pack excludes historical material.","Keep"
"DEC-542","01_drafting/governance/open-questions/EDrill_Family_Bursary_Setup_Brief.md","Phase 1 - Thailand Company-Funded Scheme","- Number of applicants, number of awards, total spend, demographic summary, issues, recommendations.","Historical / Superseded","Administrative","Move to archive/reference","","","Leave as reference unless final issue pack excludes historical material.","Keep"
"DEC-543","01_drafting/governance/open-questions/EDrill_Family_Bursary_Setup_Brief.md","Phase 2 - Future Singapore ROS / Fundraising Readiness","These should not govern the first version unless EDrill decides to establish a separate body. However, the Phase 1 documents should be compatible with later creation of:","Historical / Superseded","Administrative","Move to archive/reference","","","Leave as reference unless final issue pack excludes historical material.","Keep"
"DEC-544","01_drafting/governance/open-questions/EDrill_Family_Bursary_Setup_Brief.md","8. Recommended Governance Model For Phase 1","- Applications should be assessed against written criteria.","Historical / Superseded","Administrative","Move to archive/reference","","","Leave as reference unless final issue pack excludes historical material.","Keep"
"DEC-545","01_drafting/governance/open-questions/EDrill_Family_Bursary_Setup_Brief.md","8. Recommended Governance Model For Phase 1","- Decisions should be recorded with reasons.","Historical / Superseded","Administrative","Move to archive/reference","","","Leave as reference unless final issue pack excludes historical material.","Keep"
"DEC-546","01_drafting/governance/open-questions/EDrill_Family_Bursary_Setup_Brief.md","8. Recommended Governance Model For Phase 1","- Personal data should be held only by authorised HR/Finance personnel.","Historical / Superseded","Administrative","Move to archive/reference","","","Leave as reference unless final issue pack excludes historical material.","Keep"
"DEC-547","01_drafting/governance/open-questions/EDrill_Family_Bursary_Setup_Brief.md","8. Recommended Governance Model For Phase 1","- Annual review should confirm eligibility rules, budget, outcomes, and lessons learned.","Historical / Superseded","Administrative","Move to archive/reference","","","Leave as reference unless final issue pack excludes historical material.","Keep"
"DEC-548","01_drafting/governance/open-questions/EDrill_Family_Bursary_Setup_Brief.md","9. Suggested Selection Approach","A merit-based model using the child's academic performance may look attractive, but it may conflict with the welfare purpose. If the bursary is intended to support families with education costs, financial need and eligibility should likely matter more than grades.","Historical / Superseded","Administrative","Move to archive/reference","","","Leave as reference unless final issue pack excludes historical material.","Keep"
"DEC-549","01_drafting/governance/open-questions/EDrill_Family_Bursary_Setup_Brief.md","10. Recommended Communication Position","The scheme should be presented as a family education support initiative for eligible employees and eligible workers supporting EDrill operations in Thailand.","Historical / Superseded","Administrative","Move to archive/reference","","","Leave as reference unless final issue pack excludes historical material.","Keep"
"DEC-550","01_drafting/governance/open-questions/EDrill_Family_Bursary_Setup_Brief.md","10. Recommended Communication Position","Public announcement should be modest and values-led. Avoid implying public charity status, guaranteed entitlement, or fundraising unless those structures are legally approved.","Historical / Superseded","Administrative","Move to archive/reference","No ROS activation and no fundraising in Phase 1.","","Leave as reference unless final issue pack excludes historical material.","Keep"
"DEC-551","01_drafting/governance/open-questions/EDrill_Family_Bursary_Setup_Brief.md","11. Drafting Sequence Once Decisions Are Answered","Recommended sequence:","Historical / Superseded","Administrative","Move to archive/reference","","","Leave as reference unless final issue pack excludes historical material.","Keep"
"DEC-552","01_drafting/governance/open-questions/EDrill_Family_Bursary_Setup_Brief.md","12. Codex Working Prompt","You are helping draft the document pack for The EDrill Family Bursary. Do not draft a formal constitution yet unless instructed. First use the attached setup brief as the controlling source. The immediate structure is a company-funded employee family education bursary for Thailand operations, administered by the Bangkok office, with a long-term option to ...","Historical / Superseded","Administrative","Move to archive/reference","No ROS activation and no fundraising in Phase 1.","","Leave as reference unless final issue pack excludes historical material.","Keep"
"DEC-553","01_drafting/governance/open-questions/EDrill_Family_Bursary_Setup_Brief.md","12. Codex Working Prompt","Draft only after the decision register items have been answered or explicitly marked as assumptions. Preserve the distinction between:","Historical / Superseded","Administrative","Move to archive/reference","","","Leave as reference unless final issue pack excludes historical material.","Keep"
"DEC-554","01_drafting/governance/open-questions/EDrill_Family_Bursary_Setup_Brief.md","12. Codex Working Prompt","Do not use words such as charity, foundation, registered society, public fund, or donation unless the governing legal structure supports them. Keep the documents practical, auditable, and suitable for HR, Finance, and Operations use.","Historical / Superseded","Administrative","Move to archive/reference","No ROS activation and no fundraising in Phase 1.","","Leave as reference unless final issue pack excludes historical material.","Keep"
"DEC-555","01_drafting/governance/open-questions/EDrill_Family_Bursary_Setup_Brief.md","13. Immediate Next Step","Before drafting begins, EDrill should answer the decision register in section 6, especially the questions on entity ownership, payment route, Thai tax/payroll treatment, selection method, labour-hire agency status, and public communication.","Historical / Superseded","Administrative","Move to archive/reference","EDrill employee payments go through normal payroll into the employee bank account as a payslip line item.","","Leave as reference unless final issue pack excludes historical material.","Keep"
"DEC-556","01_drafting/governance/open-questions/EDrill_Family_Bursary_Thailand_Tax_Labour_DD_Note.md","The EDrill Family Bursary - Thailand Tax and Labour DD Note","Important: This note is not legal or tax advice. It identifies risk and recommended questions for Thai Finance/Payroll/Legal or an external Thai adviser.","Historical / Superseded","Administrative","Move to archive/reference","EDrill employee payments go through normal payroll into the employee bank account as a payslip line item.","","Leave as reference unless final issue pack excludes historical material.","Keep"
"DEC-557","01_drafting/governance/open-questions/EDrill_Family_Bursary_Thailand_Tax_Labour_DD_Note.md","1. Executive Conclusion","1. A bursary payment to an EDrill employee's bank account should be treated as recipient-taxable and should not be described as tax-free.","Historical / Superseded","Administrative","Move to archive/reference","EDrill employee payments go through normal payroll into the employee bank account as a payslip line item.","","Leave as reference unless final issue pack excludes historical material.","Keep"
"DEC-558","01_drafting/governance/open-questions/EDrill_Family_Bursary_Thailand_Tax_Labour_DD_Note.md","1. Executive Conclusion","3. EDrill should process the Bursary only after Finance/Payroll confirms withholding, reporting, payslip, year-end certificate, and accounting treatment.","Historical / Superseded","Administrative","Move to archive/reference","EDrill employee payments go through normal payroll into the employee bank account as a payslip line item.","","Leave as reference unless final issue pack excludes historical material.","Keep"
"DEC-559","01_drafting/governance/open-questions/EDrill_Family_Bursary_Thailand_Tax_Labour_DD_Note.md","1. Executive Conclusion","4. The documents should avoid saying ""tax-free"", ""non-taxable"", ""scholarship"", or ""welfare benefit"" as a legal conclusion.","Historical / Superseded","Administrative","Move to archive/reference","Bursary payments are tax liable to the recipient; recipient handles their own tax position.","","Leave as reference unless final issue pack excludes historical material.","Keep"
"DEC-560","01_drafting/governance/open-questions/EDrill_Family_Bursary_Thailand_Tax_Labour_DD_Note.md","1. Executive Conclusion","The scheme can still proceed, but the launch gate is not closed until Finance/Payroll confirms how recipient-taxable payments will be processed, recorded, reported, and evidenced.","Historical / Superseded","Administrative","Move to archive/reference","EDrill employee payments go through normal payroll into the employee bank account as a payslip line item.","","Leave as reference unless final issue pack excludes historical material.","Keep"
"DEC-561","01_drafting/governance/open-questions/EDrill_Family_Bursary_Thailand_Tax_Labour_DD_Note.md","2.1 Thailand Revenue Code - broad employment income concept","- A company-funded education support payment connected to the employee relationship could fall within employment income unless an exemption or different treatment applies.","Historical / Superseded","Administrative","Move to archive/reference","","","Leave as reference unless final issue pack excludes historical material.","Keep"
"DEC-562","01_drafting/governance/open-questions/EDrill_Family_Bursary_Thailand_Tax_Labour_DD_Note.md","2.1 Thailand Revenue Code - broad employment income concept","- Current drafting should proceed on the confirmed position that payments are tax liable to the recipient.","Historical / Superseded","Administrative","Move to archive/reference","Bursary payments are tax liable to the recipient; recipient handles their own tax position.","","Leave as reference unless final issue pack excludes historical material.","Keep"
"DEC-563","01_drafting/governance/open-questions/EDrill_Family_Bursary_Thailand_Tax_Labour_DD_Note.md","2.2 Thailand Revenue Code - education award exemption is not clearly a fit","- EDrill should not rely on this exemption without Thai tax advice.","Historical / Superseded","Administrative","Move to archive/reference","","","Leave as reference unless final issue pack excludes historical material.","Keep"
"DEC-564","01_drafting/governance/open-questions/EDrill_Family_Bursary_Thailand_Tax_Labour_DD_Note.md","2.3 Child education allowance rules are separate","- Those allowances are personal tax deductions/allowances for taxpayers. They do not automatically make employer-paid education support non-taxable.","Historical / Superseded","Administrative","Move to archive/reference","Bursary payments are tax liable to the recipient; recipient handles their own tax position.","","Leave as reference unless final issue pack excludes historical material.","Keep"
"DEC-565","01_drafting/governance/open-questions/EDrill_Family_Bursary_Thailand_Tax_Labour_DD_Note.md","2.3 Child education allowance rules are separate","- The Bursary documents should not confuse employee personal tax allowances with the company's payment treatment.","Historical / Superseded","Administrative","Move to archive/reference","","","Leave as reference unless final issue pack excludes historical material.","Keep"
"DEC-566","01_drafting/governance/open-questions/EDrill_Family_Bursary_Thailand_Tax_Labour_DD_Note.md","2.5 Labour-hire / outsourced workers","Thailand's Labour Protection Act includes Section 11/1. The English translation reviewed states that where an entrepreneur entrusts another person to recruit persons to work as part of the entrepreneur's business operation, the entrepreneur may be deemed an employer of such workers for the relevant labour-protection purpose. It also states that contract e...","Historical / Superseded","Administrative","Move to archive/reference","","","Leave as reference unless final issue pack excludes historical material.","Keep"
"DEC-567","01_drafting/governance/open-questions/EDrill_Family_Bursary_Thailand_Tax_Labour_DD_Note.md","2.5 Labour-hire / outsourced workers","- If EDrill offers a bursary to direct employees and selected labour-hire personnel, the criteria should be objective, consistently applied, and carefully worded.","Historical / Superseded","Administrative","Move to archive/reference","","","Leave as reference unless final issue pack excludes historical material.","Keep"
"DEC-568","01_drafting/governance/open-questions/EDrill_Family_Bursary_Thailand_Tax_Labour_DD_Note.md","3. Recommended Drafting Position","> Any Bursary payment will be processed subject to applicable tax, payroll, withholding, reporting, accounting, and legal requirements. The Company may deduct, withhold, report, adjust, suspend, or recover amounts where required by law, internal controls, or the approved Bursary rules.","Historical / Superseded","Administrative","Move to archive/reference","EDrill employee payments go through normal payroll into the employee bank account as a payslip line item.","","Leave as reference unless final issue pack excludes historical material.","Keep"
"DEC-569","01_drafting/governance/open-questions/EDrill_Family_Bursary_Thailand_Tax_Labour_DD_Note.md","3. Recommended Drafting Position","- ""subject to applicable tax/payroll treatment""","Historical / Superseded","Administrative","Move to archive/reference","EDrill employee payments go through normal payroll into the employee bank account as a payslip line item.","","Leave as reference unless final issue pack excludes historical material.","Keep"
"DEC-570","01_drafting/governance/open-questions/EDrill_Family_Bursary_Thailand_Tax_Labour_DD_Note.md","3. Recommended Drafting Position","- ""subject to evidence and annual approval""","Historical / Superseded","Administrative","Move to archive/reference","","","Leave as reference unless final issue pack excludes historical material.","Keep"
"DEC-571","01_drafting/governance/open-questions/EDrill_Family_Bursary_Thailand_Tax_Labour_DD_Note.md","5. Questions For Thai Finance / Payroll / Tax Adviser","1. Should the recipient-taxable payment be processed through payroll or accounts payable?","Historical / Superseded","Administrative","Move to archive/reference","EDrill employee payments go through normal payroll into the employee bank account as a payslip line item.","","Leave as reference unless final issue pack excludes historical material.","Keep"
"DEC-572","01_drafting/governance/open-questions/EDrill_Family_Bursary_Thailand_Tax_Labour_DD_Note.md","5. Questions For Thai Finance / Payroll / Tax Adviser","3. Should the payment appear on payslips or year-end tax certificates?","Historical / Superseded","Administrative","Move to archive/reference","EDrill employee payments go through normal payroll into the employee bank account as a payslip line item.","","Leave as reference unless final issue pack excludes historical material.","Keep"
"DEC-573","01_drafting/governance/open-questions/EDrill_Family_Bursary_Thailand_Tax_Labour_DD_Note.md","5. Questions For Thai Finance / Payroll / Tax Adviser","7. How should a payment to a labour-hire agency for onward payment to its employee be treated for tax, withholding, and accounting?","Historical / Superseded","Administrative","Move to archive/reference","Labour-hire agency receives funds from EDMPL and pays onward using existing payroll/payment process; receipt/acknowledgement handled like salary/payment acknowledgement.","","Leave as reference unless final issue pack excludes historical material.","Keep"
"DEC-574","01_drafting/governance/open-questions/EDrill_Family_Bursary_Thailand_Tax_Labour_DD_Note.md","5. Questions For Thai Finance / Payroll / Tax Adviser","9. What written acknowledgement should the labour-hire agency provide?","Historical / Superseded","Administrative","Move to archive/reference","","","Leave as reference unless final issue pack excludes historical material.","Keep"
"DEC-575","01_drafting/governance/open-questions/EDrill_Family_Bursary_Thailand_Tax_Labour_DD_Note.md","5. Questions For Thai Finance / Payroll / Tax Adviser","14. What Thai-language wording should be used in employee-facing materials?","Historical / Superseded","Administrative","Move to archive/reference","","","Leave as reference unless final issue pack excludes historical material.","Keep"
"DEC-576","01_drafting/governance/open-questions/EDrill_Family_Bursary_Thailand_Tax_Labour_DD_Note.md","6. Recommended Launch Gate","Before launch, Finance/Payroll/Legal should issue a short written position covering:","Historical / Superseded","Administrative","Move to archive/reference","EDrill employee payments go through normal payroll into the employee bank account as a payslip line item.","","Leave as reference unless final issue pack excludes historical material.","Keep"
"DEC-577","01_drafting/governance/open-questions/EDrill_Family_Bursary_Thailand_Tax_Labour_DD_Note.md","6. Recommended Launch Gate","Until that position is received, the Bursary should remain in draft/pre-launch status.","Historical / Superseded","Administrative","Move to archive/reference","","","Leave as reference unless final issue pack excludes historical material.","Keep"
"DEC-578","01_drafting/governance/open-questions/EDrill_Family_Bursary_Thailand_Tax_Labour_DD_Note.md","7. Sources Reviewed","- Public legal commentary on Section 11/1 used only as secondary context; the statutory text and Thai adviser review should control final decisions.","Historical / Superseded","Administrative","Move to archive/reference","","","Leave as reference unless final issue pack excludes historical material.","Keep"
"DEC-579","01_drafting/governance/README.md","Governance Notes","This folder tracks the open questions and decisions made during the drafting phase so the program has a clear design history.","Approval Evidence Needed","Administrative","Convert to approval evidence item","","What evidence, approver, and completion date should be recorded for this item?","Record completion evidence or keep as launch gate.","Needs Committee Approval"
"DEC-580","01_drafting/internal-hr-guidance/draft/EDrill_Family_Bursary_Kobchok_Participation_Appendix_DRAFT.md","The EDrill Family Bursary - Labour-Hire Agency Participation Appendix","Important: this appendix reflects the approved Phase 1 internal labour-hire participation model. It remains in draft form and must not be treated as operational until the appointed labour-hire agency acknowledgement and relevant launch checklist items are complete.","Warning / Control Text","Administrative","Keep as warning/control","Use: eligible employees of the appointed labour-hire agency at the time of application who are assigned to EDrill rigs.","","Leave unchanged unless final policy tone requires shortening.","Keep"
"DEC-581","01_drafting/internal-hr-guidance/draft/EDrill_Family_Bursary_Kobchok_Participation_Appendix_DRAFT.md","The EDrill Family Bursary - Labour-Hire Agency Participation Appendix","Note: despite the current file name, this appendix is agency-neutral and is not limited to Kobchok. It applies only if the appointed labour-hire agency participation model and acknowledgement are approved.","Warning / Control Text","Administrative","Keep as warning/control","Use: eligible employees of the appointed labour-hire agency at the time of application who are assigned to EDrill rigs.","","Leave unchanged unless final policy tone requires shortening.","Keep"
"DEC-582","01_drafting/internal-hr-guidance/draft/EDrill_Family_Bursary_Kobchok_Participation_Appendix_DRAFT.md","2. Core Relationship Principle","Labour-hire agency employees are not to be described as EDrill employees unless that is legally accurate.","Warning / Control Text","Administrative","Keep as warning/control","","","Leave unchanged unless final policy tone requires shortening.","Keep"
"DEC-583","01_drafting/internal-hr-guidance/draft/EDrill_Family_Bursary_Kobchok_Participation_Appendix_DRAFT.md","2. Core Relationship Principle","Approved wording: > eligible employees of the appointed labour-hire agency at the time of application who are assigned to EDrill rigs","Already Decided / Needs Propagation","Major","Replace with confirmed wording","Use: eligible employees of the appointed labour-hire agency at the time of application who are assigned to EDrill rigs.","","Remove contractor alternative from active drafts; keep agency-neutral wording.","Already Answered"
"DEC-584","01_drafting/internal-hr-guidance/draft/EDrill_Family_Bursary_Kobchok_Participation_Appendix_DRAFT.md","2. Core Relationship Principle","or: > eligible employees of EDrill's contractor working on EDrill rigs","Already Decided / Needs Propagation","Major","Replace with confirmed wording","Use: eligible employees of the appointed labour-hire agency at the time of application who are assigned to EDrill rigs.","","Remove contractor alternative from active drafts; keep agency-neutral wording.","Already Answered"
"DEC-585","01_drafting/internal-hr-guidance/draft/EDrill_Family_Bursary_Kobchok_Participation_Appendix_DRAFT.md","4. Award Value","The provisional labour-hire award value is up to THB 8,000 per month.","Decision Needed","Minor","Decide","","Should this advisory or decision-like wording remain in the final issue version?","Update affected document after Alex/Committee answer.","Needs Alex Decision"
"DEC-586","01_drafting/internal-hr-guidance/draft/EDrill_Family_Bursary_Kobchok_Participation_Appendix_DRAFT.md","4. Award Value","The provisional payment cadence is quarterly, up to THB 24,000 per quarter.","Decision Needed","Minor","Decide","","Should this advisory or decision-like wording remain in the final issue version?","Update affected document after Alex/Committee answer.","Needs Alex Decision"
"DEC-587","01_drafting/internal-hr-guidance/draft/EDrill_Family_Bursary_Kobchok_Participation_Appendix_DRAFT.md","6. Labour-Hire Agency Acknowledgement","Before including labour-hire agency employees, EDrill should obtain practical written acknowledgement from the relevant agency confirming:","Decision Needed","Minor","Decide","","Should this advisory or decision-like wording remain in the final issue version?","Update affected document after Alex/Committee answer.","Needs Alex Decision"
"DEC-588","01_drafting/internal-hr-guidance/draft/EDrill_Family_Bursary_Kobchok_Participation_Appendix_DRAFT.md","7. Payment Controls","Do not create a burdensome new process unless the Committee or Finance later requires it. EDrill should not make direct payment to a labour-hire employee unless the Committee and Finance approve that route separately.","Warning / Control Text","Administrative","Keep as warning/control","","","Leave unchanged unless final policy tone requires shortening.","Keep"
"DEC-589","01_drafting/internal-hr-guidance/draft/EDrill_Family_Bursary_Kobchok_Participation_Appendix_DRAFT.md","8. Records and Reporting","Labour-hire applications and awards should be identified separately in internal records and annual reporting.","Decision Needed","Minor","Decide","","Should this advisory or decision-like wording remain in the final issue version?","Update affected document after Alex/Committee answer.","Needs Alex Decision"
"DEC-590","01_drafting/internal-hr-guidance/draft/EDrill_Family_Bursary_Kobchok_Participation_Appendix_DRAFT.md","8. Records and Reporting","Records should include:","Decision Needed","Minor","Decide","","Should this advisory or decision-like wording remain in the final issue version?","Update affected document after Alex/Committee answer.","Needs Alex Decision"
"DEC-591","01_drafting/internal-hr-guidance/draft/EDrill_Family_Bursary_Kobchok_Participation_Appendix_DRAFT.md","9. Communications","Internal and external communications should refer to labour-hire agency personnel carefully.","Already Decided / Needs Propagation","Minor","No action","Final communications still need pre-publication check.","","Leave unchanged if wording already reflects known decision.","Already Answered"
"DEC-592","01_drafting/internal-hr-guidance/draft/EDrill_Family_Bursary_Kobchok_Participation_Appendix_DRAFT.md","9. Communications","> The Bursary may also include eligible employees of the appointed labour-hire agency at the time of application who are assigned to EDrill rigs, subject to the approved labour-hire participation rules and verification requirements.","Approval Evidence Needed","Administrative","Convert to approval evidence item","Use: eligible employees of the appointed labour-hire agency at the time of application who are assigned to EDrill rigs.","What evidence, approver, and completion date should be recorded for this item?","Record completion evidence or keep as launch gate.","Needs Committee Approval"
"DEC-593","01_drafting/internal-hr-guidance/draft/EDrill_Family_Bursary_Kobchok_Participation_Appendix_DRAFT.md","9. Communications","Do not publicly name any labour-hire agency unless EDrill and that agency have approved the wording.","Warning / Control Text","Administrative","Keep as warning/control","","","Leave unchanged unless final policy tone requires shortening.","Keep"
"DEC-594","01_drafting/internal-hr-guidance/draft/EDrill_Family_Bursary_Kobchok_Participation_Appendix_DRAFT.md","9. Communications","Communications must contain no fundraising language, must not describe the Bursary as a charity, society, foundation, or ROS body, must not claim tax-free or non-taxable treatment, must not imply guaranteed entitlement, and must not identify children/beneficiaries without specific consent.","Warning / Control Text","Administrative","Keep as warning/control","No ROS activation and no fundraising in Phase 1.","","Leave unchanged unless final policy tone requires shortening.","Keep"
"DEC-595","01_drafting/internal-hr-guidance/draft/EDrill_Family_Bursary_Payment_and_Evidence_Rules_DRAFT.md","The EDrill Family Bursary - Payment and Evidence Rules","Effective date: To be confirmed","Decision Needed","Minor","Decide","","Should this advisory or decision-like wording remain in the final issue version?","Update affected document after Alex/Committee answer.","Needs Alex Decision"
"DEC-596","01_drafting/internal-hr-guidance/draft/EDrill_Family_Bursary_Payment_and_Evidence_Rules_DRAFT.md","The EDrill Family Bursary - Payment and Evidence Rules","Owner: To be confirmed","Decision Needed","Minor","Decide","","Should this advisory or decision-like wording remain in the final issue version?","Update affected document after Alex/Committee answer.","Needs Alex Decision"
"DEC-597","01_drafting/internal-hr-guidance/draft/EDrill_Family_Bursary_Payment_and_Evidence_Rules_DRAFT.md","The EDrill Family Bursary - Payment and Evidence Rules","Important: this draft reflects confirmed Phase 1 management decisions recorded in the decision log. It remains in draft form and must not be treated as operational until the Launch Approval Checklist records all required Phase 1 approvals and final communications checks.","Warning / Control Text","Administrative","Keep as warning/control","Final communications still need pre-publication check.","","Leave unchanged unless final policy tone requires shortening.","Keep"
"DEC-598","01_drafting/internal-hr-guidance/draft/EDrill_Family_Bursary_Payment_and_Evidence_Rules_DRAFT.md","1. Purpose","These Rules define the provisional award values, payment controls, eligible expenses, evidence requirements, and payment conditions for The EDrill Family Bursary.","Decision Needed","Minor","Decide","","Should this advisory or decision-like wording remain in the final issue version?","Update affected document after Alex/Committee answer.","Needs Alex Decision"
"DEC-599","01_drafting/internal-hr-guidance/draft/EDrill_Family_Bursary_Payment_and_Evidence_Rules_DRAFT.md","2. Finance Administration","- treatment of labour-hire agency awards and onward payments, if applicable.","Wording Choice","Minor","Decide","Labour-hire agency receives funds from EDMPL and pays onward using existing payroll/payment process; receipt/acknowledgement handled like salary/payment acknowledgement.","Which wording or option should be retained in the final issue version?","Remove alternatives and retain the selected wording.","Needs Alex Decision"
"DEC-600","01_drafting/internal-hr-guidance/draft/EDrill_Family_Bursary_Payment_and_Evidence_Rules_DRAFT.md","3. Provisional Award Values","| Category | Provisional maximum award | Provisional cadence |","Decision Needed","Minor","Decide","","Should this advisory or decision-like wording remain in the final issue version?","Update affected document after Alex/Committee answer.","Needs Alex Decision"
"DEC-601","01_drafting/internal-hr-guidance/draft/EDrill_Family_Bursary_Payment_and_Evidence_Rules_DRAFT.md","3. Provisional Award Values","These values are the approved Phase 1 working values unless the Committee and Finance approve a later change.","Warning / Control Text","Administrative","Keep as warning/control","","","Leave unchanged unless final policy tone requires shortening.","Keep"
"DEC-602","01_drafting/internal-hr-guidance/draft/EDrill_Family_Bursary_Payment_and_Evidence_Rules_DRAFT.md","4. Maximum Number of Awards","The provisional maximum number of awards is six bursaries per Award Year.","Decision Needed","Minor","Decide","","Should this advisory or decision-like wording remain in the final issue version?","Update affected document after Alex/Committee answer.","Needs Alex Decision"
"DEC-603","01_drafting/internal-hr-guidance/draft/EDrill_Family_Bursary_Payment_and_Evidence_Rules_DRAFT.md","4. Maximum Number of Awards","The Executive Sponsor and Finance must confirm the final number of awards for each Award Year before applications open.","Approval Evidence Needed","Administrative","Convert to approval evidence item","","What evidence, approver, and completion date should be recorded for this item?","Record completion evidence or keep as launch gate.","Needs Finance/Admin Evidence"
"DEC-604","01_drafting/internal-hr-guidance/draft/EDrill_Family_Bursary_Payment_and_Evidence_Rules_DRAFT.md","5. Eligible Expenses","Provisional eligible expenses:","Decision Needed","Minor","Decide","","Should this advisory or decision-like wording remain in the final issue version?","Update affected document after Alex/Committee answer.","Needs Alex Decision"
"DEC-605","01_drafting/internal-hr-guidance/draft/EDrill_Family_Bursary_Payment_and_Evidence_Rules_DRAFT.md","5. Eligible Expenses","Provisional excluded expenses:","Decision Needed","Minor","Decide","","Should this advisory or decision-like wording remain in the final issue version?","Update affected document after Alex/Committee answer.","Needs Alex Decision"
"DEC-606","01_drafting/internal-hr-guidance/draft/EDrill_Family_Bursary_Payment_and_Evidence_Rules_DRAFT.md","6. Approved Working Payment Route","Because EDrill employee awards are processed through payroll, Finance/Payroll should handle routine payroll administration in the normal way.","Already Decided / Needs Propagation","Minor","No action","EDrill employee payments go through normal payroll into the employee bank account as a payslip line item.","","Leave unchanged if wording already reflects known decision.","Already Answered"
"DEC-607","01_drafting/internal-hr-guidance/draft/EDrill_Family_Bursary_Payment_and_Evidence_Rules_DRAFT.md","7. Direct Employee Bank Payment","Payment should not exceed THB 30,000 per quarter for an EDrill employee award unless an approved exception applies.","Warning / Control Text","Administrative","Keep as warning/control","","","Leave unchanged unless final policy tone requires shortening.","Keep"
"DEC-608","01_drafting/internal-hr-guidance/draft/EDrill_Family_Bursary_Payment_and_Evidence_Rules_DRAFT.md","8. Labour-Hire Agency Payment","Payment should not exceed THB 24,000 per quarter for a labour-hire worker award unless an approved exception applies.","Warning / Control Text","Administrative","Keep as warning/control","","","Leave unchanged unless final policy tone requires shortening.","Keep"
"DEC-609","01_drafting/internal-hr-guidance/draft/EDrill_Family_Bursary_Payment_and_Evidence_Rules_DRAFT.md","9. Direct School Payment","Direct school payment should not exceed the approved award value or evidenced eligible costs.","Decision Needed","Minor","Decide","","Should this advisory or decision-like wording remain in the final issue version?","Update affected document after Alex/Committee answer.","Needs Alex Decision"
"DEC-610","01_drafting/internal-hr-guidance/draft/EDrill_Family_Bursary_Payment_and_Evidence_Rules_DRAFT.md","10. Reimbursement","Reimbursement should not exceed the approved award value or evidenced eligible costs.","Decision Needed","Minor","Decide","","Should this advisory or decision-like wording remain in the final issue version?","Update affected document after Alex/Committee answer.","Needs Alex Decision"
"DEC-611","01_drafting/internal-hr-guidance/draft/EDrill_Family_Bursary_Payment_and_Evidence_Rules_DRAFT.md","11. Advance Payment","Advance payment should be exceptional.","Decision Needed","Minor","Decide","","Should this advisory or decision-like wording remain in the final issue version?","Update affected document after Alex/Committee answer.","Needs Alex Decision"
"DEC-612","01_drafting/internal-hr-guidance/draft/EDrill_Family_Bursary_Payment_and_Evidence_Rules_DRAFT.md","11. Advance Payment","Unreconciled advances should be reported to Finance and the Committee.","Decision Needed","Minor","Decide","","Should this advisory or decision-like wording remain in the final issue version?","Update affected document after Alex/Committee answer.","Needs Alex Decision"
"DEC-613","01_drafting/internal-hr-guidance/draft/EDrill_Family_Bursary_Payment_and_Evidence_Rules_DRAFT.md","12. Evidence Requirements","Provisional required evidence:","Decision Needed","Minor","Decide","","Should this advisory or decision-like wording remain in the final issue version?","Update affected document after Alex/Committee answer.","Needs Alex Decision"
"DEC-614","01_drafting/internal-hr-guidance/draft/EDrill_Family_Bursary_Payment_and_Evidence_Rules_DRAFT.md","12. Evidence Requirements","| Labour-hire agency onward-payment confirmation, if applicable | Confirms agency payment to employee | Labour-hire agency / Finance |","Wording Choice","Minor","Decide","","Which wording or option should be retained in the final issue version?","Remove alternatives and retain the selected wording.","Needs Alex Decision"
"DEC-615","01_drafting/internal-hr-guidance/draft/EDrill_Family_Bursary_Payment_and_Evidence_Rules_DRAFT.md","12. Evidence Requirements","Finance verifies salary eligibility internally. Applicants should not be required to submit a payslip unless Finance later requires it as an exception.","Warning / Control Text","Administrative","Keep as warning/control","EDrill employee payments go through normal payroll into the employee bank account as a payslip line item.","","Leave unchanged unless final policy tone requires shortening.","Keep"
"DEC-616","01_drafting/internal-hr-guidance/draft/EDrill_Family_Bursary_Payment_and_Evidence_Rules_DRAFT.md","13. Evidence Standards","Evidence should be:","Decision Needed","Minor","Decide","","Should this advisory or decision-like wording remain in the final issue version?","Update affected document after Alex/Committee answer.","Needs Alex Decision"
"DEC-617","01_drafting/internal-hr-guidance/draft/EDrill_Family_Bursary_Payment_and_Evidence_Rules_DRAFT.md","14. Payment Conditions","Payment is subject to:","Approval Evidence Needed","Administrative","Convert to approval evidence item","","What evidence, approver, and completion date should be recorded for this item?","Record completion evidence or keep as launch gate.","Needs Finance/Admin Evidence"
"DEC-618","01_drafting/internal-hr-guidance/draft/EDrill_Family_Bursary_Payment_and_Evidence_Rules_DRAFT.md","15. Quarterly Payment Review","Before each quarterly payment, HR and Finance should confirm:","Decision Needed","Minor","Decide","","Should this advisory or decision-like wording remain in the final issue version?","Update affected document after Alex/Committee answer.","Needs Alex Decision"
"DEC-619","01_drafting/internal-hr-guidance/draft/EDrill_Family_Bursary_Payment_and_Evidence_Rules_DRAFT.md","17. Overpayment and Recovery","Recovery options should be reviewed by Finance, HR, and the Committee before action is taken.","Decision Needed","Minor","Decide","","Should this advisory or decision-like wording remain in the final issue version?","Update affected document after Alex/Committee answer.","Needs Alex Decision"
"DEC-620","01_drafting/internal-hr-guidance/draft/EDrill_Family_Bursary_Payment_and_Evidence_Rules_DRAFT.md","18. Labour-Hire Agency Payment Controls","Labour-hire agency payment arrangements are approved for Phase 1 internal operation, subject to the practical controls below.","Approval Evidence Needed","Administrative","Convert to approval evidence item","","What evidence, approver, and completion date should be recorded for this item?","Record completion evidence or keep as launch gate.","Needs Finance/Admin Evidence"
"DEC-621","01_drafting/internal-hr-guidance/draft/EDrill_Family_Bursary_Payment_and_Evidence_Rules_DRAFT.md","18. Labour-Hire Agency Payment Controls","- no burdensome new process should be created unless the Committee or Finance later requires it;","Warning / Control Text","Administrative","Keep as warning/control","","","Leave unchanged unless final policy tone requires shortening.","Keep"
"DEC-622","01_drafting/internal-hr-guidance/draft/EDrill_Family_Bursary_Payment_and_Evidence_Rules_DRAFT.md","19. Records","Finance and HR should retain:","Decision Needed","Minor","Decide","","Should this advisory or decision-like wording remain in the final issue version?","Update affected document after Alex/Committee answer.","Needs Alex Decision"
"DEC-623","01_drafting/internal-hr-guidance/draft/EDrill_Family_Bursary_Payment_and_Evidence_Rules_DRAFT.md","19. Records","Records should be retained for HR, payroll, audit, tax, and administration needs under restricted access. The Committee may set or update the retention period administratively.","Warning / Control Text","Administrative","Keep as warning/control","EDrill employee payments go through normal payroll into the employee bank account as a payslip line item.","","Leave unchanged unless final policy tone requires shortening.","Keep"
"DEC-624","01_drafting/internal-hr-guidance/draft/EDrill_Family_Bursary_Privacy_and_Records_Appendix_DRAFT.md","The EDrill Family Bursary - Privacy and Records Appendix","Effective date: To be confirmed","Decision Needed","Minor","Decide","","Should this advisory or decision-like wording remain in the final issue version?","Update affected document after Alex/Committee answer.","Needs Alex Decision"
"DEC-625","01_drafting/internal-hr-guidance/draft/EDrill_Family_Bursary_Privacy_and_Records_Appendix_DRAFT.md","The EDrill Family Bursary - Privacy and Records Appendix","Owner: To be confirmed","Decision Needed","Minor","Decide","","Should this advisory or decision-like wording remain in the final issue version?","Update affected document after Alex/Committee answer.","Needs Alex Decision"
"DEC-626","01_drafting/internal-hr-guidance/draft/EDrill_Family_Bursary_Privacy_and_Records_Appendix_DRAFT.md","The EDrill Family Bursary - Privacy and Records Appendix","Important: this draft is a control appendix, not legal advice. The Phase 1 privacy and records approach is a Chairman/Committee-approved internal compliance position; no external legal advice obtained.","Warning / Control Text","Administrative","Keep as warning/control","Appeals go to the Chairman of the Committee.","","Leave unchanged unless final policy tone requires shortening.","Keep"
"DEC-627","01_drafting/internal-hr-guidance/draft/EDrill_Family_Bursary_Privacy_and_Records_Appendix_DRAFT.md","2. Status of This Appendix","It is approved internally for Phase 1 operation, subject to the approved controls in this document:","Approval Evidence Needed","Administrative","Convert to approval evidence item","","What evidence, approver, and completion date should be recorded for this item?","Record completion evidence or keep as launch gate.","Needs Committee Approval"
"DEC-628","01_drafting/internal-hr-guidance/draft/EDrill_Family_Bursary_Privacy_and_Records_Appendix_DRAFT.md","3. Data Minimisation","HR and the Committee should collect only information needed to:","Decision Needed","Minor","Decide","","Should this advisory or decision-like wording remain in the final issue version?","Update affected document after Alex/Committee answer.","Needs Alex Decision"
"DEC-629","01_drafting/internal-hr-guidance/draft/EDrill_Family_Bursary_Privacy_and_Records_Appendix_DRAFT.md","3. Data Minimisation","Do not collect sensitive hardship details unless those details are part of the approved scoring method and privacy wording allows collection.","Warning / Control Text","Administrative","Keep as warning/control","","","Leave unchanged unless final policy tone requires shortening.","Keep"
"DEC-630","01_drafting/internal-hr-guidance/draft/EDrill_Family_Bursary_Privacy_and_Records_Appendix_DRAFT.md","4. Provisional Data Categories","| labour-hire agency data | employment verification, assignment continuity | labour-hire agency eligibility, if applicable |","Wording Choice","Minor","Decide","","Which wording or option should be retained in the final issue version?","Remove alternatives and retain the selected wording.","Needs Alex Decision"
"DEC-631","01_drafting/internal-hr-guidance/draft/EDrill_Family_Bursary_Privacy_and_Records_Appendix_DRAFT.md","5. Data That Should Usually Be Avoided","Unless the Committee approves a specific need, the Bursary should avoid collecting:","Warning / Control Text","Administrative","Keep as warning/control","","","Leave unchanged unless final policy tone requires shortening.","Keep"
"DEC-632","01_drafting/internal-hr-guidance/draft/EDrill_Family_Bursary_Privacy_and_Records_Appendix_DRAFT.md","5. Data That Should Usually Be Avoided","Where hardship evidence is needed, request the least intrusive evidence that can reasonably support the decision.","Decision Needed","Minor","Decide","","Should this advisory or decision-like wording remain in the final issue version?","Update affected document after Alex/Committee answer.","Needs Alex Decision"
"DEC-633","01_drafting/internal-hr-guidance/draft/EDrill_Family_Bursary_Privacy_and_Records_Appendix_DRAFT.md","6. Privacy Notice and Consent","The application pack should include an approved privacy notice and applicant declaration.","Decision Needed","Minor","Decide","","Should this advisory or decision-like wording remain in the final issue version?","Update affected document after Alex/Committee answer.","Needs Alex Decision"
"DEC-634","01_drafting/internal-hr-guidance/draft/EDrill_Family_Bursary_Privacy_and_Records_Appendix_DRAFT.md","6. Privacy Notice and Consent","The privacy notice should explain:","Decision Needed","Minor","Decide","","Should this advisory or decision-like wording remain in the final issue version?","Update affected document after Alex/Committee answer.","Needs Alex Decision"
"DEC-635","01_drafting/internal-hr-guidance/draft/EDrill_Family_Bursary_Privacy_and_Records_Appendix_DRAFT.md","6. Privacy Notice and Consent","Consent wording should cover, where legally appropriate:","Decision Needed","Minor","Decide","","Should this advisory or decision-like wording remain in the final issue version?","Update affected document after Alex/Committee answer.","Needs Alex Decision"
"DEC-636","01_drafting/internal-hr-guidance/draft/EDrill_Family_Bursary_Privacy_and_Records_Appendix_DRAFT.md","6. Privacy Notice and Consent","- labour-hire agency verification, if applicable;","Wording Choice","Minor","Decide","","Which wording or option should be retained in the final issue version?","Remove alternatives and retain the selected wording.","Needs Alex Decision"
"DEC-637","01_drafting/internal-hr-guidance/draft/EDrill_Family_Bursary_Privacy_and_Records_Appendix_DRAFT.md","7. Child Data","Child data should be treated with particular care.","Decision Needed","Minor","Decide","","Should this advisory or decision-like wording remain in the final issue version?","Update affected document after Alex/Committee answer.","Needs Alex Decision"
"DEC-638","01_drafting/internal-hr-guidance/draft/EDrill_Family_Bursary_Privacy_and_Records_Appendix_DRAFT.md","7. Child Data","- do not include child names in committee packs unless necessary;","Warning / Control Text","Administrative","Keep as warning/control","","","Leave unchanged unless final policy tone requires shortening.","Keep"
"DEC-639","01_drafting/internal-hr-guidance/draft/EDrill_Family_Bursary_Privacy_and_Records_Appendix_DRAFT.md","7. Child Data","- do not publish child names, photographs, or stories without specific written consent.","Warning / Control Text","Administrative","Keep as warning/control","","","Leave unchanged unless final policy tone requires shortening.","Keep"
"DEC-640","01_drafting/internal-hr-guidance/draft/EDrill_Family_Bursary_Privacy_and_Records_Appendix_DRAFT.md","8. Access Controls","Access should be limited to:","Decision Needed","Minor","Decide","","Should this advisory or decision-like wording remain in the final issue version?","Update affected document after Alex/Committee answer.","Needs Alex Decision"
"DEC-641","01_drafting/internal-hr-guidance/draft/EDrill_Family_Bursary_Privacy_and_Records_Appendix_DRAFT.md","8. Access Controls","Finance/HR receives raw applications. Finance verifies salary eligibility internally. Committee packs should be anonymised where practicable and should avoid unnecessary payroll detail. Salary bands or threshold confirmation should be used where possible.","Already Decided / Needs Propagation","Minor","No action","EDrill employee payments go through normal payroll into the employee bank account as a payslip line item.","","Leave unchanged if wording already reflects known decision.","Already Answered"
"DEC-642","01_drafting/internal-hr-guidance/draft/EDrill_Family_Bursary_Privacy_and_Records_Appendix_DRAFT.md","9. Verification","- labour-hire agency confirmation of employment and assignment, if applicable.","Wording Choice","Minor","Decide","","Which wording or option should be retained in the final issue version?","Remove alternatives and retain the selected wording.","Needs Alex Decision"
"DEC-643","01_drafting/internal-hr-guidance/draft/EDrill_Family_Bursary_Privacy_and_Records_Appendix_DRAFT.md","9. Verification","Verification with schools or external parties should occur only where the applicant has provided consent and verification is needed for administration.","Decision Needed","Minor","Decide","","Should this advisory or decision-like wording remain in the final issue version?","Update affected document after Alex/Committee answer.","Needs Alex Decision"
"DEC-644","01_drafting/internal-hr-guidance/draft/EDrill_Family_Bursary_Privacy_and_Records_Appendix_DRAFT.md","10. Cross-Border Sharing","- award recommendation;","Decision Needed","Minor","Decide","","Should this advisory or decision-like wording remain in the final issue version?","Update affected document after Alex/Committee answer.","Needs Alex Decision"
"DEC-645","01_drafting/internal-hr-guidance/draft/EDrill_Family_Bursary_Privacy_and_Records_Appendix_DRAFT.md","10. Cross-Border Sharing","- no child identity document unless necessary.","Warning / Control Text","Administrative","Keep as warning/control","","","Leave unchanged unless final policy tone requires shortening.","Keep"
"DEC-646","01_drafting/internal-hr-guidance/draft/EDrill_Family_Bursary_Privacy_and_Records_Appendix_DRAFT.md","11. Storage","Bursary records should be stored in a secure location approved by HR/IT or the Committee.","Decision Needed","Minor","Decide","","Should this advisory or decision-like wording remain in the final issue version?","Update affected document after Alex/Committee answer.","Needs Alex Decision"
"DEC-647","01_drafting/internal-hr-guidance/draft/EDrill_Family_Bursary_Privacy_and_Records_Appendix_DRAFT.md","12. Retention","Records should be retained for HR, payroll, audit, tax, and administration needs under restricted access. The Committee may set or update the retention period administratively.","Warning / Control Text","Administrative","Keep as warning/control","EDrill employee payments go through normal payroll into the employee bank account as a payslip line item.","","Leave unchanged unless final policy tone requires shortening.","Keep"
"DEC-648","01_drafting/internal-hr-guidance/draft/EDrill_Family_Bursary_Privacy_and_Records_Appendix_DRAFT.md","12. Retention","The retention schedule should distinguish:","Decision Needed","Minor","Decide","","Should this advisory or decision-like wording remain in the final issue version?","Update affected document after Alex/Committee answer.","Needs Alex Decision"
"DEC-649","01_drafting/internal-hr-guidance/draft/EDrill_Family_Bursary_Privacy_and_Records_Appendix_DRAFT.md","12. Retention","- committee decision records;","Decision Needed","Minor","Decide","","Should this advisory or decision-like wording remain in the final issue version?","Update affected document after Alex/Committee answer.","Needs Alex Decision"
"DEC-650","01_drafting/internal-hr-guidance/draft/EDrill_Family_Bursary_Privacy_and_Records_Appendix_DRAFT.md","13. Publication and Communications","No beneficiary name, photograph, school name, personal story, or family circumstance should be used in internal or external publicity unless:","Warning / Control Text","Administrative","Keep as warning/control","","","Leave unchanged unless final policy tone requires shortening.","Keep"
"DEC-651","01_drafting/internal-hr-guidance/draft/EDrill_Family_Bursary_Privacy_and_Records_Appendix_DRAFT.md","13. Publication and Communications","LinkedIn or external posts should be values-led and should not identify individual beneficiaries unless separately approved.","Warning / Control Text","Administrative","Keep as warning/control","Final communications still need pre-publication check.","","Leave unchanged unless final policy tone requires shortening.","Keep"
"DEC-652","01_drafting/internal-hr-guidance/draft/EDrill_Family_Bursary_Privacy_and_Records_Appendix_DRAFT.md","14. Incident Handling","The incident record should include:","Decision Needed","Minor","Decide","","Should this advisory or decision-like wording remain in the final issue version?","Update affected document after Alex/Committee answer.","Needs Alex Decision"
"DEC-653","01_drafting/internal-hr-guidance/draft/EDrill_Family_Bursary_Privacy_and_Records_Appendix_DRAFT.md","14. Incident Handling","- notification decision;","Decision Needed","Minor","Decide","","Should this advisory or decision-like wording remain in the final issue version?","Update affected document after Alex/Committee answer.","Needs Alex Decision"
"DEC-654","01_drafting/internal-hr-guidance/draft/EDrill_Family_Bursary_Privacy_and_Records_Appendix_DRAFT.md","15. Annual Privacy Review","At the end of each Award Year, HR and the Committee should review:","Decision Needed","Minor","Decide","","Should this advisory or decision-like wording remain in the final issue version?","Update affected document after Alex/Committee answer.","Needs Alex Decision"
"DEC-655","01_drafting/open-questions/EDrill_Family_Bursary_Marcus_Clarification_Question.md","1. Current Position","The earlier question on whether awards should be given to the ""most needy"" eligible applicants first has been superseded by the current working position:","Historical / Superseded","Administrative","Move to archive/reference","","","Leave as reference unless final issue pack excludes historical material.","Keep"
"DEC-656","01_drafting/open-questions/EDrill_Family_Bursary_Marcus_Clarification_Question.md","1. Current Position","> Applications should be assessed by the Committee using a means-tested, need-weighted approach. A family may apply for multiple children, and each child/application should be assessed under the approved criteria and the annual cap.","Historical / Superseded","Administrative","Move to archive/reference","Families may apply for multiple children; each child/application is means-tested separately under the annual cap.","","Leave as reference unless final issue pack excludes historical material.","Keep"
"DEC-657","01_drafting/open-questions/EDrill_Family_Bursary_Marcus_Clarification_Question.md","2. Selection Position To Carry Forward","If eligible applications exceed available bursary places, the Committee should rank applications using the approved scoring model, weighted toward financial need and family circumstances.","Historical / Superseded","Administrative","Move to archive/reference","","","Leave as reference unless final issue pack excludes historical material.","Keep"
"DEC-658","01_drafting/open-questions/EDrill_Family_Bursary_Marcus_Clarification_Question.md","2. Selection Position To Carry Forward","The scheme should remain a welfare-oriented education support bursary, not an academic prize and not a random draw.","Historical / Superseded","Administrative","Move to archive/reference","","","Leave as reference unless final issue pack excludes historical material.","Keep"
"DEC-659","01_drafting/open-questions/EDrill_Family_Bursary_Marcus_Clarification_Question.md","3. Related Rules Now Reflected Elsewhere","- Labour-hire wording should refer to the appointed labour-hire agency at the time of application.","Historical / Superseded","Administrative","Move to archive/reference","Use: eligible employees of the appointed labour-hire agency at the time of application who are assigned to EDrill rigs.","","Leave as reference unless final issue pack excludes historical material.","Keep"
"DEC-660","01_drafting/open-questions/EDrill_Family_Bursary_Marcus_Clarification_Question.md","4. Action","Do not send the earlier Marcus question. Proceed using the Decision Log, Eligibility and Selection Rules, SOP, and Evidence Checklist as updated.","Historical / Superseded","Administrative","Move to archive/reference","","","Leave as reference unless final issue pack excludes historical material.","Keep"
"DEC-661","01_drafting/open-questions/EDrill_Family_Bursary_Thailand_Tax_Labour_DD_Note.md","The EDrill Family Bursary - Thailand Tax and Labour DD Note","Important: This note is not legal or tax advice. It identifies risk and recommended questions for Thai Finance/Payroll/Legal or an external Thai adviser.","Historical / Superseded","Administrative","Move to archive/reference","EDrill employee payments go through normal payroll into the employee bank account as a payslip line item.","","Leave as reference unless final issue pack excludes historical material.","Keep"
"DEC-662","01_drafting/open-questions/EDrill_Family_Bursary_Thailand_Tax_Labour_DD_Note.md","1. Executive Conclusion","1. A bursary payment to an EDrill employee's bank account should be treated as recipient-taxable and should not be described as tax-free.","Historical / Superseded","Administrative","Move to archive/reference","EDrill employee payments go through normal payroll into the employee bank account as a payslip line item.","","Leave as reference unless final issue pack excludes historical material.","Keep"
"DEC-663","01_drafting/open-questions/EDrill_Family_Bursary_Thailand_Tax_Labour_DD_Note.md","1. Executive Conclusion","3. EDrill should process the Bursary only after Finance/Payroll confirms withholding, reporting, payslip, year-end certificate, and accounting treatment.","Historical / Superseded","Administrative","Move to archive/reference","EDrill employee payments go through normal payroll into the employee bank account as a payslip line item.","","Leave as reference unless final issue pack excludes historical material.","Keep"
"DEC-664","01_drafting/open-questions/EDrill_Family_Bursary_Thailand_Tax_Labour_DD_Note.md","1. Executive Conclusion","4. The documents should avoid saying ""tax-free"", ""non-taxable"", ""scholarship"", or ""welfare benefit"" as a legal conclusion.","Historical / Superseded","Administrative","Move to archive/reference","Bursary payments are tax liable to the recipient; recipient handles their own tax position.","","Leave as reference unless final issue pack excludes historical material.","Keep"
"DEC-665","01_drafting/open-questions/EDrill_Family_Bursary_Thailand_Tax_Labour_DD_Note.md","1. Executive Conclusion","The scheme can still proceed, but the launch gate is not closed until Finance/Payroll confirms how recipient-taxable payments will be processed, recorded, reported, and evidenced.","Historical / Superseded","Administrative","Move to archive/reference","EDrill employee payments go through normal payroll into the employee bank account as a payslip line item.","","Leave as reference unless final issue pack excludes historical material.","Keep"
"DEC-666","01_drafting/open-questions/EDrill_Family_Bursary_Thailand_Tax_Labour_DD_Note.md","2.1 Thailand Revenue Code - broad employment income concept","- A company-funded education support payment connected to the employee relationship could fall within employment income unless an exemption or different treatment applies.","Historical / Superseded","Administrative","Move to archive/reference","","","Leave as reference unless final issue pack excludes historical material.","Keep"
"DEC-667","01_drafting/open-questions/EDrill_Family_Bursary_Thailand_Tax_Labour_DD_Note.md","2.1 Thailand Revenue Code - broad employment income concept","- Current drafting should proceed on the confirmed position that payments are tax liable to the recipient.","Historical / Superseded","Administrative","Move to archive/reference","Bursary payments are tax liable to the recipient; recipient handles their own tax position.","","Leave as reference unless final issue pack excludes historical material.","Keep"
"DEC-668","01_drafting/open-questions/EDrill_Family_Bursary_Thailand_Tax_Labour_DD_Note.md","2.2 Thailand Revenue Code - education award exemption is not clearly a fit","- EDrill should not rely on this exemption without Thai tax advice.","Historical / Superseded","Administrative","Move to archive/reference","","","Leave as reference unless final issue pack excludes historical material.","Keep"
"DEC-669","01_drafting/open-questions/EDrill_Family_Bursary_Thailand_Tax_Labour_DD_Note.md","2.3 Child education allowance rules are separate","- Those allowances are personal tax deductions/allowances for taxpayers. They do not automatically make employer-paid education support non-taxable.","Historical / Superseded","Administrative","Move to archive/reference","Bursary payments are tax liable to the recipient; recipient handles their own tax position.","","Leave as reference unless final issue pack excludes historical material.","Keep"
"DEC-670","01_drafting/open-questions/EDrill_Family_Bursary_Thailand_Tax_Labour_DD_Note.md","2.3 Child education allowance rules are separate","- The Bursary documents should not confuse employee personal tax allowances with the company's payment treatment.","Historical / Superseded","Administrative","Move to archive/reference","","","Leave as reference unless final issue pack excludes historical material.","Keep"
"DEC-671","01_drafting/open-questions/EDrill_Family_Bursary_Thailand_Tax_Labour_DD_Note.md","2.5 Labour-hire / outsourced workers","Thailand's Labour Protection Act includes Section 11/1. The English translation reviewed states that where an entrepreneur entrusts another person to recruit persons to work as part of the entrepreneur's business operation, the entrepreneur may be deemed an employer of such workers for the relevant labour-protection purpose. It also states that contract e...","Historical / Superseded","Administrative","Move to archive/reference","","","Leave as reference unless final issue pack excludes historical material.","Keep"
"DEC-672","01_drafting/open-questions/EDrill_Family_Bursary_Thailand_Tax_Labour_DD_Note.md","2.5 Labour-hire / outsourced workers","- If EDrill offers a bursary to direct employees and selected labour-hire personnel, the criteria should be objective, consistently applied, and carefully worded.","Historical / Superseded","Administrative","Move to archive/reference","","","Leave as reference unless final issue pack excludes historical material.","Keep"
"DEC-673","01_drafting/open-questions/EDrill_Family_Bursary_Thailand_Tax_Labour_DD_Note.md","3. Recommended Drafting Position","> Any Bursary payment will be processed subject to applicable tax, payroll, withholding, reporting, accounting, and legal requirements. The Company may deduct, withhold, report, adjust, suspend, or recover amounts where required by law, internal controls, or the approved Bursary rules.","Historical / Superseded","Administrative","Move to archive/reference","EDrill employee payments go through normal payroll into the employee bank account as a payslip line item.","","Leave as reference unless final issue pack excludes historical material.","Keep"
"DEC-674","01_drafting/open-questions/EDrill_Family_Bursary_Thailand_Tax_Labour_DD_Note.md","3. Recommended Drafting Position","- ""subject to applicable tax/payroll treatment""","Historical / Superseded","Administrative","Move to archive/reference","EDrill employee payments go through normal payroll into the employee bank account as a payslip line item.","","Leave as reference unless final issue pack excludes historical material.","Keep"
"DEC-675","01_drafting/open-questions/EDrill_Family_Bursary_Thailand_Tax_Labour_DD_Note.md","3. Recommended Drafting Position","- ""subject to evidence and annual approval""","Historical / Superseded","Administrative","Move to archive/reference","","","Leave as reference unless final issue pack excludes historical material.","Keep"
"DEC-676","01_drafting/open-questions/EDrill_Family_Bursary_Thailand_Tax_Labour_DD_Note.md","5. Questions For Thai Finance / Payroll / Tax Adviser","1. Should the recipient-taxable payment be processed through payroll or accounts payable?","Historical / Superseded","Administrative","Move to archive/reference","EDrill employee payments go through normal payroll into the employee bank account as a payslip line item.","","Leave as reference unless final issue pack excludes historical material.","Keep"
"DEC-677","01_drafting/open-questions/EDrill_Family_Bursary_Thailand_Tax_Labour_DD_Note.md","5. Questions For Thai Finance / Payroll / Tax Adviser","3. Should the payment appear on payslips or year-end tax certificates?","Historical / Superseded","Administrative","Move to archive/reference","EDrill employee payments go through normal payroll into the employee bank account as a payslip line item.","","Leave as reference unless final issue pack excludes historical material.","Keep"
"DEC-678","01_drafting/open-questions/EDrill_Family_Bursary_Thailand_Tax_Labour_DD_Note.md","5. Questions For Thai Finance / Payroll / Tax Adviser","7. How should a payment to a labour-hire agency for onward payment to its employee be treated for tax, withholding, and accounting?","Historical / Superseded","Administrative","Move to archive/reference","Labour-hire agency receives funds from EDMPL and pays onward using existing payroll/payment process; receipt/acknowledgement handled like salary/payment acknowledgement.","","Leave as reference unless final issue pack excludes historical material.","Keep"
"DEC-679","01_drafting/open-questions/EDrill_Family_Bursary_Thailand_Tax_Labour_DD_Note.md","5. Questions For Thai Finance / Payroll / Tax Adviser","9. What written acknowledgement should the labour-hire agency provide?","Historical / Superseded","Administrative","Move to archive/reference","","","Leave as reference unless final issue pack excludes historical material.","Keep"
"DEC-680","01_drafting/open-questions/EDrill_Family_Bursary_Thailand_Tax_Labour_DD_Note.md","5. Questions For Thai Finance / Payroll / Tax Adviser","14. What Thai-language wording should be used in employee-facing materials?","Historical / Superseded","Administrative","Move to archive/reference","","","Leave as reference unless final issue pack excludes historical material.","Keep"
"DEC-681","01_drafting/open-questions/EDrill_Family_Bursary_Thailand_Tax_Labour_DD_Note.md","6. Recommended Launch Gate","Before launch, Finance/Payroll/Legal should issue a short written position covering:","Historical / Superseded","Administrative","Move to archive/reference","EDrill employee payments go through normal payroll into the employee bank account as a payslip line item.","","Leave as reference unless final issue pack excludes historical material.","Keep"
"DEC-682","01_drafting/open-questions/EDrill_Family_Bursary_Thailand_Tax_Labour_DD_Note.md","6. Recommended Launch Gate","Until that position is received, the Bursary should remain in draft/pre-launch status.","Historical / Superseded","Administrative","Move to archive/reference","","","Leave as reference unless final issue pack excludes historical material.","Keep"
"DEC-683","01_drafting/open-questions/EDrill_Family_Bursary_Thailand_Tax_Labour_DD_Note.md","7. Sources Reviewed","- Public legal commentary on Section 11/1 used only as secondary context; the statutory text and Thai adviser review should control final decisions.","Historical / Superseded","Administrative","Move to archive/reference","","","Leave as reference unless final issue pack excludes historical material.","Keep"
"DEC-684","01_drafting/policy/draft/EDrill_Family_Bursary_Charter_DRAFT.md","The EDrill Family Bursary - Charter","Effective date: To be confirmed","Decision Needed","Minor","Decide","","Should this advisory or decision-like wording remain in the final issue version?","Update affected document after Alex/Committee answer.","Needs Alex Decision"
"DEC-685","01_drafting/policy/draft/EDrill_Family_Bursary_Charter_DRAFT.md","The EDrill Family Bursary - Charter","Owner: To be confirmed","Decision Needed","Minor","Decide","","Should this advisory or decision-like wording remain in the final issue version?","Update affected document after Alex/Committee answer.","Needs Alex Decision"
"DEC-686","01_drafting/policy/draft/EDrill_Family_Bursary_Charter_DRAFT.md","The EDrill Family Bursary - Charter","Administrator: Bangkok office / Thailand HR, subject to confirmation","Approval Evidence Needed","Administrative","Convert to approval evidence item","","What evidence, approver, and completion date should be recorded for this item?","Record completion evidence or keep as launch gate.","Needs Committee Approval"
"DEC-687","01_drafting/policy/draft/EDrill_Family_Bursary_Charter_DRAFT.md","The EDrill Family Bursary - Charter","Important: this draft reflects confirmed Phase 1 management decisions recorded in the decision log. It remains in draft form and must not be treated as operational until the Launch Approval Checklist records all required Phase 1 approvals and final communications checks.","Warning / Control Text","Administrative","Keep as warning/control","Final communications still need pre-publication check.","","Leave unchanged unless final policy tone requires shortening.","Keep"
"DEC-688","01_drafting/policy/draft/EDrill_Family_Bursary_Charter_DRAFT.md","2. Nature of the Bursary","The Company may amend, suspend, replace, or discontinue the Bursary at any time, subject to applicable law and internal approval requirements.","Approval Evidence Needed","Administrative","Convert to approval evidence item","","What evidence, approver, and completion date should be recorded for this item?","Record completion evidence or keep as launch gate.","Needs Committee Approval"
"DEC-689","01_drafting/policy/draft/EDrill_Family_Bursary_Charter_DRAFT.md","3. Scope","The Bursary may be reviewed in future to consider whether it should be extended to other locations, including Myanmar, but no such extension applies unless formally approved.","Warning / Control Text","Administrative","Keep as warning/control","Phase 1 is Thailand-only; future expansion is later review only.","","Leave unchanged unless final policy tone requires shortening.","Keep"
"DEC-690","01_drafting/policy/draft/EDrill_Family_Bursary_Charter_DRAFT.md","4. Definitions","- ""Award Year"" means the annual period for which a Bursary is granted. The first Award Year is intended to commence on 1 October 2026, subject to approval.","Approval Evidence Needed","Administrative","Convert to approval evidence item","","What evidence, approver, and completion date should be recorded for this item?","Record completion evidence or keep as launch gate.","Needs Committee Approval"
"DEC-691","01_drafting/policy/draft/EDrill_Family_Bursary_Charter_DRAFT.md","4. Definitions","- ""Committee"" means the Bursary review committee appointed to administer and recommend awards.","Decision Needed","Minor","Decide","","Should this advisory or decision-like wording remain in the final issue version?","Update affected document after Alex/Committee answer.","Needs Alex Decision"
"DEC-692","01_drafting/policy/draft/EDrill_Family_Bursary_Charter_DRAFT.md","5. Eligibility Principles","Eligibility is subject to the approved Eligibility and Selection Rules.","Approval Evidence Needed","Administrative","Convert to approval evidence item","","What evidence, approver, and completion date should be recorded for this item?","Record completion evidence or keep as launch gate.","Needs Committee Approval"
"DEC-693","01_drafting/policy/draft/EDrill_Family_Bursary_Charter_DRAFT.md","5. Eligibility Principles","The current provisional eligibility principles are:","Decision Needed","Minor","Decide","","Should this advisory or decision-like wording remain in the final issue version?","Update affected document after Alex/Committee answer.","Needs Alex Decision"
"DEC-694","01_drafting/policy/draft/EDrill_Family_Bursary_Charter_DRAFT.md","5. Eligibility Principles","5. Government and private schools in Thailand are included, subject to evidence and any approved exclusions or caps.","Approval Evidence Needed","Administrative","Convert to approval evidence item","","What evidence, approver, and completion date should be recorded for this item?","Record completion evidence or keep as launch gate.","Needs Finance/Admin Evidence"
"DEC-695","01_drafting/policy/draft/EDrill_Family_Bursary_Charter_DRAFT.md","5. Eligibility Principles","7. Payment is subject to continued eligibility, evidence, available Bursary places, and approved funding.","Approval Evidence Needed","Administrative","Convert to approval evidence item","","What evidence, approver, and completion date should be recorded for this item?","Record completion evidence or keep as launch gate.","Needs Finance/Admin Evidence"
"DEC-696","01_drafting/policy/draft/EDrill_Family_Bursary_Charter_DRAFT.md","6. Labour-Hire Agency Participation","Subject to the approved internal controls and practical agency acknowledgement requirements, the Bursary may include eligible children of eligible employees of the appointed labour-hire agency at the time of application who are assigned to EDrill rigs.","Approval Evidence Needed","Administrative","Convert to approval evidence item","Use: eligible employees of the appointed labour-hire agency at the time of application who are assigned to EDrill rigs.","What evidence, approver, and completion date should be recorded for this item?","Record completion evidence or keep as launch gate.","Needs Finance/Admin Evidence"
"DEC-697","01_drafting/policy/draft/EDrill_Family_Bursary_Charter_DRAFT.md","6. Labour-Hire Agency Participation","Labour-hire participants must not be described as EDrill employees unless that is legally accurate. The preferred wording is:","Warning / Control Text","Administrative","Keep as warning/control","","","Leave unchanged unless final policy tone requires shortening.","Keep"
"DEC-698","01_drafting/policy/draft/EDrill_Family_Bursary_Charter_DRAFT.md","6. Labour-Hire Agency Participation","or: > eligible employees of EDrill's contractor working on EDrill rigs","Already Decided / Needs Propagation","Major","Replace with confirmed wording","Use: eligible employees of the appointed labour-hire agency at the time of application who are assigned to EDrill rigs.","","Remove contractor alternative from active drafts; keep agency-neutral wording.","Already Answered"
"DEC-699","01_drafting/policy/draft/EDrill_Family_Bursary_Charter_DRAFT.md","6. Labour-Hire Agency Participation","- payment route; - approved wording; - data handling; - acknowledgement by the relevant labour-hire agency, if required.","Wording Choice","Minor","Decide","","Which wording or option should be retained in the final issue version?","Remove alternatives and retain the selected wording.","Needs Alex Decision"
"DEC-700","01_drafting/policy/draft/EDrill_Family_Bursary_Charter_DRAFT.md","7. Award Value and Number of Bursaries","The current provisional award limits are:","Decision Needed","Minor","Decide","","Should this advisory or decision-like wording remain in the final issue version?","Update affected document after Alex/Committee answer.","Needs Alex Decision"
"DEC-701","01_drafting/policy/draft/EDrill_Family_Bursary_Charter_DRAFT.md","7. Award Value and Number of Bursaries","| Category | Provisional award value | Payment cadence |","Decision Needed","Minor","Decide","","Should this advisory or decision-like wording remain in the final issue version?","Update affected document after Alex/Committee answer.","Needs Alex Decision"
"DEC-702","01_drafting/policy/draft/EDrill_Family_Bursary_Charter_DRAFT.md","7. Award Value and Number of Bursaries","| Eligible EDrill employee child | Up to THB 120,000 per Award Year | Quarterly, subject to approval |","Approval Evidence Needed","Administrative","Convert to approval evidence item","","What evidence, approver, and completion date should be recorded for this item?","Record completion evidence or keep as launch gate.","Needs Committee Approval"
"DEC-703","01_drafting/policy/draft/EDrill_Family_Bursary_Charter_DRAFT.md","7. Award Value and Number of Bursaries","| Eligible labour-hire worker child | Up to THB 8,000 per month | Quarterly, subject to approval |","Approval Evidence Needed","Administrative","Convert to approval evidence item","","What evidence, approver, and completion date should be recorded for this item?","Record completion evidence or keep as launch gate.","Needs Committee Approval"
"DEC-704","01_drafting/policy/draft/EDrill_Family_Bursary_Charter_DRAFT.md","8. Eligible Education Costs","Provisional eligible costs include:","Decision Needed","Minor","Decide","","Should this advisory or decision-like wording remain in the final issue version?","Update affected document after Alex/Committee answer.","Needs Alex Decision"
"DEC-705","01_drafting/policy/draft/EDrill_Family_Bursary_Charter_DRAFT.md","8. Eligible Education Costs","Costs such as transport, meals, devices, tutoring, extracurricular activities, or other expenses are excluded unless expressly approved in the Bursary rules.","Warning / Control Text","Administrative","Keep as warning/control","","","Leave unchanged unless final policy tone requires shortening.","Keep"
"DEC-706","01_drafting/policy/draft/EDrill_Family_Bursary_Charter_DRAFT.md","8. Eligible Education Costs","Unused award amounts do not carry forward unless expressly approved.","Warning / Control Text","Administrative","Keep as warning/control","","","Leave unchanged unless final policy tone requires shortening.","Keep"
"DEC-707","01_drafting/policy/draft/EDrill_Family_Bursary_Charter_DRAFT.md","9. Governance","Conflict-of-interest and confidentiality declarations are required before Committee review or decision activity.","Warning / Control Text","Administrative","Keep as warning/control","","","Leave unchanged unless final policy tone requires shortening.","Keep"
"DEC-708","01_drafting/policy/draft/EDrill_Family_Bursary_Charter_DRAFT.md","9. Governance","7. recommending awards for approval;","Decision Needed","Minor","Decide","","Should this advisory or decision-like wording remain in the final issue version?","Update affected document after Alex/Committee answer.","Needs Alex Decision"
"DEC-709","01_drafting/policy/draft/EDrill_Family_Bursary_Charter_DRAFT.md","9. Governance","Finance cannot be the sole decision-maker for awards. HR cannot approve payments without Finance control. Any committee member with an actual, potential, or perceived conflict of interest must declare it and recuse themselves from the relevant decision.","Decision Needed","Minor","Decide","","Should this advisory or decision-like wording remain in the final issue version?","Update affected document after Alex/Committee answer.","Needs Alex Decision"
"DEC-710","01_drafting/policy/draft/EDrill_Family_Bursary_Charter_DRAFT.md","10. Selection","The provisional selection approach is a committee scoring model weighted toward financial need, family circumstances, service/continuity, school cost burden, and completeness of evidence.","Decision Needed","Minor","Decide","","Should this advisory or decision-like wording remain in the final issue version?","Update affected document after Alex/Committee answer.","Needs Alex Decision"
"DEC-711","01_drafting/policy/draft/EDrill_Family_Bursary_Charter_DRAFT.md","10. Selection","The Bursary should not be treated as an academic prize. Academic merit should not be the main selection basis unless the Executive Sponsor and HR approve a different purpose.","Warning / Control Text","Administrative","Keep as warning/control","","","Leave unchanged unless final policy tone requires shortening.","Keep"
"DEC-712","01_drafting/policy/draft/EDrill_Family_Bursary_Charter_DRAFT.md","11. Application and Evidence","Applicants should not be required to submit a payslip unless Finance later requires it as an exception.","Warning / Control Text","Administrative","Keep as warning/control","EDrill employee payments go through normal payroll into the employee bank account as a payslip line item.","","Leave unchanged unless final policy tone requires shortening.","Keep"
"DEC-713","01_drafting/policy/draft/EDrill_Family_Bursary_Charter_DRAFT.md","12. Privacy and Records","Beneficiary names, photographs, or personal stories must not be published unless specific written consent is obtained.","Warning / Control Text","Administrative","Keep as warning/control","","","Leave unchanged unless final policy tone requires shortening.","Keep"
"DEC-714","01_drafting/policy/draft/EDrill_Family_Bursary_Charter_DRAFT.md","13. Payment Controls","No payment should be made until:","Decision Needed","Minor","Decide","","Should this advisory or decision-like wording remain in the final issue version?","Update affected document after Alex/Committee answer.","Needs Alex Decision"
"DEC-715","01_drafting/policy/draft/EDrill_Family_Bursary_Charter_DRAFT.md","14. Renewal","There is no automatic renewal and no automatic renewal priority. Each award year is a reset. Existing recipients may reapply and will be assessed under the same criteria as other applicants, subject to eligibility, available places, and annual approval.","Already Decided / Needs Propagation","Major","Replace with confirmed wording","Annual reset; no automatic renewal and no automatic renewal priority.","","Keep annual reset wording and remove renewal priority wording.","Already Answered"
"DEC-716","01_drafting/policy/draft/EDrill_Family_Bursary_Charter_DRAFT.md","15. Appeals and Exceptions","Appeals should be limited to:","Already Decided / Needs Propagation","Minor","No action","Appeals go to the Chairman of the Committee.","","Leave unchanged if wording already reflects known decision.","Already Answered"
"DEC-717","01_drafting/policy/draft/EDrill_Family_Bursary_Charter_DRAFT.md","15. Appeals and Exceptions","Appeals should not be used to challenge the existence of limited Bursary places or to create an entitlement where eligibility is not met.","Already Decided / Needs Propagation","Minor","No action","Appeals go to the Chairman of the Committee.","","Leave unchanged if wording already reflects known decision.","Already Answered"
"DEC-718","01_drafting/policy/draft/EDrill_Family_Bursary_Charter_DRAFT.md","16. Annual Review","The Committee should prepare an annual review report after each Award Year.","Decision Needed","Minor","Decide","","Should this advisory or decision-like wording remain in the final issue version?","Update affected document after Alex/Committee answer.","Needs Alex Decision"
"DEC-719","01_drafting/policy/draft/EDrill_Family_Bursary_Charter_DRAFT.md","16. Annual Review","The report should include:","Decision Needed","Minor","Decide","","Should this advisory or decision-like wording remain in the final issue version?","Update affected document after Alex/Committee answer.","Needs Alex Decision"
"DEC-720","01_drafting/policy/draft/EDrill_Family_Bursary_Charter_DRAFT.md","16. Annual Review","- recommendations for the next cycle;","Decision Needed","Minor","Decide","","Should this advisory or decision-like wording remain in the final issue version?","Update affected document after Alex/Committee answer.","Needs Alex Decision"
"DEC-721","01_drafting/policy/draft/EDrill_Family_Bursary_Charter_DRAFT.md","16. Annual Review","- whether future expansion or structural change should be considered.","Decision Needed","Minor","Decide","","Should this advisory or decision-like wording remain in the final issue version?","Update affected document after Alex/Committee answer.","Needs Alex Decision"
"DEC-722","01_drafting/policy/draft/EDrill_Family_Bursary_Charter_DRAFT.md","16. Annual Review","The annual review should also consider whether the Bursary should remain an internal company-funded scheme or whether a different structure should be considered.","Decision Needed","Minor","Decide","","Should this advisory or decision-like wording remain in the final issue version?","Update affected document after Alex/Committee answer.","Needs Alex Decision"
"DEC-723","01_drafting/policy/draft/EDrill_Family_Bursary_Charter_DRAFT.md","17. Future Structure","The Company may review the structure, funding model, administration, or legal form of the Bursary from time to time, including whether the Bursary should remain an internal company-funded scheme or be replaced, supplemented, or succeeded by another approved structure.","Decision Needed","Minor","Decide","","Should this advisory or decision-like wording remain in the final issue version?","Update affected document after Alex/Committee answer.","Needs Alex Decision"
"DEC-724","01_drafting/policy/draft/EDrill_Family_Bursary_Charter_DRAFT.md","18. Launch Conditions","This Charter should not be issued as final until the following Phase 1 controls are recorded:","Decision Needed","Minor","Decide","","Should this advisory or decision-like wording remain in the final issue version?","Update affected document after Alex/Committee answer.","Needs Alex Decision"
"DEC-725","01_drafting/policy/draft/EDrill_Family_Bursary_Charter_DRAFT.md","18. Launch Conditions","- labour-hire agency acknowledgement completed, if applicable;","Wording Choice","Minor","Decide","","Which wording or option should be retained in the final issue version?","Remove alternatives and retain the selected wording.","Needs Alex Decision"
"DEC-726","01_drafting/policy/draft/EDrill_Family_Bursary_Charter_DRAFT.md","18. Launch Conditions","- conflict-of-interest and confidentiality declarations completed before review/decision activity;","Approval Evidence Needed","Administrative","Convert to approval evidence item","","What evidence, approver, and completion date should be recorded for this item?","Record completion evidence or keep as launch gate.","Needs Committee Approval"
"DEC-727","01_drafting/policy/draft/EDrill_Family_Bursary_Procedure_SOP_DRAFT.md","The EDrill Family Bursary - Procedure / SOP","Effective date: To be confirmed","Decision Needed","Minor","Decide","","Should this advisory or decision-like wording remain in the final issue version?","Update affected document after Alex/Committee answer.","Needs Alex Decision"
"DEC-728","01_drafting/policy/draft/EDrill_Family_Bursary_Procedure_SOP_DRAFT.md","The EDrill Family Bursary - Procedure / SOP","Owner: To be confirmed","Decision Needed","Minor","Decide","","Should this advisory or decision-like wording remain in the final issue version?","Update affected document after Alex/Committee answer.","Needs Alex Decision"
"DEC-729","01_drafting/policy/draft/EDrill_Family_Bursary_Procedure_SOP_DRAFT.md","The EDrill Family Bursary - Procedure / SOP","Administrator: Bangkok office / Thailand HR, subject to confirmation","Approval Evidence Needed","Administrative","Convert to approval evidence item","","What evidence, approver, and completion date should be recorded for this item?","Record completion evidence or keep as launch gate.","Needs Committee Approval"
"DEC-730","01_drafting/policy/draft/EDrill_Family_Bursary_Procedure_SOP_DRAFT.md","The EDrill Family Bursary - Procedure / SOP","Important: this draft reflects confirmed Phase 1 management decisions recorded in the decision log. It remains in draft form and must not be treated as operational until the Launch Approval Checklist records all required Phase 1 approvals and final communications checks.","Warning / Control Text","Administrative","Keep as warning/control","Final communications still need pre-publication check.","","Leave unchanged unless final policy tone requires shortening.","Keep"
"DEC-731","01_drafting/policy/draft/EDrill_Family_Bursary_Procedure_SOP_DRAFT.md","2. Scope","- subject to approval, eligible employees of the appointed labour-hire agency at the time of application who are assigned to EDrill rigs.","Approval Evidence Needed","Administrative","Convert to approval evidence item","Use: eligible employees of the appointed labour-hire agency at the time of application who are assigned to EDrill rigs.","What evidence, approver, and completion date should be recorded for this item?","Record completion evidence or keep as launch gate.","Needs Committee Approval"
"DEC-732","01_drafting/policy/draft/EDrill_Family_Bursary_Procedure_SOP_DRAFT.md","2. Scope","This Procedure does not apply to Myanmar or other locations unless formally extended.","Warning / Control Text","Administrative","Keep as warning/control","Phase 1 is Thailand-only; future expansion is later review only.","","Leave unchanged unless final policy tone requires shortening.","Keep"
"DEC-733","01_drafting/policy/draft/EDrill_Family_Bursary_Procedure_SOP_DRAFT.md","3. Key Controls","No award may be issued unless:","Warning / Control Text","Administrative","Keep as warning/control","","","Leave unchanged unless final policy tone requires shortening.","Keep"
"DEC-734","01_drafting/policy/draft/EDrill_Family_Bursary_Procedure_SOP_DRAFT.md","3. Key Controls","6. the confirmed Phase 1 Committee members have completed conflict-of-interest and confidentiality declarations before review/decision activity;","Warning / Control Text","Administrative","Keep as warning/control","","","Leave unchanged unless final policy tone requires shortening.","Keep"
"DEC-735","01_drafting/policy/draft/EDrill_Family_Bursary_Procedure_SOP_DRAFT.md","3. Key Controls","8. labour-hire agency participation is approved, if applicable;","Wording Choice","Minor","Decide","","Which wording or option should be retained in the final issue version?","Remove alternatives and retain the selected wording.","Needs Alex Decision"
"DEC-736","01_drafting/policy/draft/EDrill_Family_Bursary_Procedure_SOP_DRAFT.md","4. Roles and Responsibilities","| Executive Sponsor | Approves scheme launch, annual budget, material changes, and final award recommendations where required |","Decision Needed","Minor","Decide","","Should this advisory or decision-like wording remain in the final issue version?","Update affected document after Alex/Committee answer.","Needs Alex Decision"
"DEC-737","01_drafting/policy/draft/EDrill_Family_Bursary_Procedure_SOP_DRAFT.md","4. Roles and Responsibilities","| Bursary Committee | Reviews eligible applications, manages conflicts, applies selection method, records recommendations |","Decision Needed","Minor","Decide","","Should this advisory or decision-like wording remain in the final issue version?","Update affected document after Alex/Committee answer.","Needs Alex Decision"
"DEC-738","01_drafting/policy/draft/EDrill_Family_Bursary_Procedure_SOP_DRAFT.md","4. Roles and Responsibilities","| Labour-Hire Agency Contact, if applicable | Verifies agency employment status, supports onward payment where approved, and provides any required acknowledgement |","Wording Choice","Minor","Decide","Labour-hire agency receives funds from EDMPL and pays onward using existing payroll/payment process; receipt/acknowledgement handled like salary/payment acknowledgement.","Which wording or option should be retained in the final issue version?","Remove alternatives and retain the selected wording.","Needs Alex Decision"
"DEC-739","01_drafting/policy/draft/EDrill_Family_Bursary_Procedure_SOP_DRAFT.md","5. Annual Timetable","The annual timetable should be confirmed before each Award Year.","Decision Needed","Minor","Decide","","Should this advisory or decision-like wording remain in the final issue version?","Update affected document after Alex/Committee answer.","Needs Alex Decision"
"DEC-740","01_drafting/policy/draft/EDrill_Family_Bursary_Procedure_SOP_DRAFT.md","5. Annual Timetable","Provisional first-year timetable:","Decision Needed","Minor","Decide","","Should this advisory or decision-like wording remain in the final issue version?","Update affected document after Alex/Committee answer.","Needs Alex Decision"
"DEC-741","01_drafting/policy/draft/EDrill_Family_Bursary_Procedure_SOP_DRAFT.md","5. Annual Timetable","| Confirm budget and launch gates | Before internal announcement |","Approval Evidence Needed","Administrative","Convert to approval evidence item","","What evidence, approver, and completion date should be recorded for this item?","Record completion evidence or keep as launch gate.","Needs Committee Approval"
"DEC-742","01_drafting/policy/draft/EDrill_Family_Bursary_Procedure_SOP_DRAFT.md","5. Annual Timetable","| Internal announcement issued | To be confirmed |","Decision Needed","Minor","Decide","","Should this advisory or decision-like wording remain in the final issue version?","Update affected document after Alex/Committee answer.","Needs Alex Decision"
"DEC-743","01_drafting/policy/draft/EDrill_Family_Bursary_Procedure_SOP_DRAFT.md","5. Annual Timetable","| Application window opens | To be confirmed |","Decision Needed","Minor","Decide","","Should this advisory or decision-like wording remain in the final issue version?","Update affected document after Alex/Committee answer.","Needs Alex Decision"
"DEC-744","01_drafting/policy/draft/EDrill_Family_Bursary_Procedure_SOP_DRAFT.md","5. Annual Timetable","| Application window closes | To be confirmed |","Decision Needed","Minor","Decide","","Should this advisory or decision-like wording remain in the final issue version?","Update affected document after Alex/Committee answer.","Needs Alex Decision"
"DEC-745","01_drafting/policy/draft/EDrill_Family_Bursary_Procedure_SOP_DRAFT.md","6. Annual Planning Process","Before each Award Year, Bangkok HR should prepare an annual planning note covering:","Decision Needed","Minor","Decide","","Should this advisory or decision-like wording remain in the final issue version?","Update affected document after Alex/Committee answer.","Needs Alex Decision"
"DEC-746","01_drafting/policy/draft/EDrill_Family_Bursary_Procedure_SOP_DRAFT.md","6. Annual Planning Process","The Executive Sponsor or delegated authority must approve the annual planning note before applications open.","Approval Evidence Needed","Administrative","Convert to approval evidence item","","What evidence, approver, and completion date should be recorded for this item?","Record completion evidence or keep as launch gate.","Needs Committee Approval"
"DEC-747","01_drafting/policy/draft/EDrill_Family_Bursary_Procedure_SOP_DRAFT.md","7. Communication Before Applications Open","The launch message should explain:","Already Decided / Needs Propagation","Minor","No action","Final communications still need pre-publication check.","","Leave unchanged if wording already reflects known decision.","Already Answered"
"DEC-748","01_drafting/policy/draft/EDrill_Family_Bursary_Procedure_SOP_DRAFT.md","7. Communication Before Applications Open","No internal or external communication should be published until the final Chairman/Committee/Communications pre-publication check confirms that the wording contains no fundraising language, does not describe the Bursary as a charity, society, foundation, or ROS body, does not claim tax-free or non-taxable treatment, does not imply guaranteed entitlement, ...","Approval Evidence Needed","Administrative","Convert to approval evidence item","No ROS activation and no fundraising in Phase 1.","What evidence, approver, and completion date should be recorded for this item?","Record completion evidence or keep as launch gate.","Needs Committee Approval"
"DEC-749","01_drafting/policy/draft/EDrill_Family_Bursary_Procedure_SOP_DRAFT.md","8. Application Submission","Applications should be submitted to the nominated Bangkok HR contact or secure submission location.","Decision Needed","Minor","Decide","","Should this advisory or decision-like wording remain in the final issue version?","Update affected document after Alex/Committee answer.","Needs Alex Decision"
"DEC-750","01_drafting/policy/draft/EDrill_Family_Bursary_Procedure_SOP_DRAFT.md","8. Application Submission","Late applications may be declined unless HR accepts them under an approved exception process.","Warning / Control Text","Administrative","Keep as warning/control","","","Leave unchanged unless final policy tone requires shortening.","Keep"
"DEC-751","01_drafting/policy/draft/EDrill_Family_Bursary_Procedure_SOP_DRAFT.md","9. Required Application Documents","The required evidence checklist should be approved before applications open.","Approval Evidence Needed","Administrative","Convert to approval evidence item","","What evidence, approver, and completion date should be recorded for this item?","Record completion evidence or keep as launch gate.","Needs Finance/Admin Evidence"
"DEC-752","01_drafting/policy/draft/EDrill_Family_Bursary_Procedure_SOP_DRAFT.md","9. Required Application Documents","Provisional required documents:","Decision Needed","Minor","Decide","","Should this advisory or decision-like wording remain in the final issue version?","Update affected document after Alex/Committee answer.","Needs Alex Decision"
"DEC-753","01_drafting/policy/draft/EDrill_Family_Bursary_Procedure_SOP_DRAFT.md","9. Required Application Documents","Applicants should not be required to submit a payslip unless Finance later requires it as an exception.","Warning / Control Text","Administrative","Keep as warning/control","EDrill employee payments go through normal payroll into the employee bank account as a payslip line item.","","Leave unchanged unless final policy tone requires shortening.","Keep"
"DEC-754","01_drafting/policy/draft/EDrill_Family_Bursary_Procedure_SOP_DRAFT.md","9. Required Application Documents","HR should not collect unnecessary sensitive information. Hardship information should be collected only where it is part of the approved scoring model and privacy wording allows it.","Decision Needed","Minor","Decide","","Should this advisory or decision-like wording remain in the final issue version?","Update affected document after Alex/Committee answer.","Needs Alex Decision"
"DEC-755","01_drafting/policy/draft/EDrill_Family_Bursary_Procedure_SOP_DRAFT.md","10. Completeness Check","Bangkok HR should check each application for completeness.","Decision Needed","Minor","Decide","","Should this advisory or decision-like wording remain in the final issue version?","Update affected document after Alex/Committee answer.","Needs Alex Decision"
"DEC-756","01_drafting/policy/draft/EDrill_Family_Bursary_Procedure_SOP_DRAFT.md","10. Completeness Check","Applications should be marked as:","Decision Needed","Minor","Decide","","Should this advisory or decision-like wording remain in the final issue version?","Update affected document after Alex/Committee answer.","Needs Alex Decision"
"DEC-757","01_drafting/policy/draft/EDrill_Family_Bursary_Procedure_SOP_DRAFT.md","11. Eligibility Screening","HR, Finance, and Operations should screen applications against approved eligibility rules.","Decision Needed","Minor","Decide","","Should this advisory or decision-like wording remain in the final issue version?","Update affected document after Alex/Committee answer.","Needs Alex Decision"
"DEC-758","01_drafting/policy/draft/EDrill_Family_Bursary_Procedure_SOP_DRAFT.md","11. Eligibility Screening","The provisional eligibility checks include:","Decision Needed","Minor","Decide","","Should this advisory or decision-like wording remain in the final issue version?","Update affected document after Alex/Committee answer.","Needs Alex Decision"
"DEC-759","01_drafting/policy/draft/EDrill_Family_Bursary_Procedure_SOP_DRAFT.md","11. Eligibility Screening","- labour-hire agency employment and continuous assignment requirements are met, if applicable.","Wording Choice","Minor","Decide","","Which wording or option should be retained in the final issue version?","Remove alternatives and retain the selected wording.","Needs Alex Decision"
"DEC-760","01_drafting/policy/draft/EDrill_Family_Bursary_Procedure_SOP_DRAFT.md","11. Eligibility Screening","Finance should complete the salary-cap check before any application is forwarded to the Committee. Committee packs should then be anonymised so far as practical, with Finance/HR retaining the identifiable salary evidence.","Decision Needed","Minor","Decide","","Should this advisory or decision-like wording remain in the final issue version?","Update affected document after Alex/Committee answer.","Needs Alex Decision"
"DEC-761","01_drafting/policy/draft/EDrill_Family_Bursary_Procedure_SOP_DRAFT.md","11. Eligibility Screening","Eligibility screening should be documented before committee scoring.","Decision Needed","Minor","Decide","","Should this advisory or decision-like wording remain in the final issue version?","Update affected document after Alex/Committee answer.","Needs Alex Decision"
"DEC-762","01_drafting/policy/draft/EDrill_Family_Bursary_Procedure_SOP_DRAFT.md","12. Labour-Hire Agency Application Handling","Labour-hire agency applications, if approved, should be handled separately in records and reporting.","Decision Needed","Minor","Decide","","Should this advisory or decision-like wording remain in the final issue version?","Update affected document after Alex/Committee answer.","Needs Alex Decision"
"DEC-763","01_drafting/policy/draft/EDrill_Family_Bursary_Procedure_SOP_DRAFT.md","12. Labour-Hire Agency Application Handling","1. The relevant labour-hire agency should verify employment status.","Decision Needed","Minor","Decide","","Should this advisory or decision-like wording remain in the final issue version?","Update affected document after Alex/Committee answer.","Needs Alex Decision"
"DEC-764","01_drafting/policy/draft/EDrill_Family_Bursary_Procedure_SOP_DRAFT.md","12. Labour-Hire Agency Application Handling","2. EDrill Operations should verify assignment to EDrill rigs.","Decision Needed","Minor","Decide","","Should this advisory or decision-like wording remain in the final issue version?","Update affected document after Alex/Committee answer.","Needs Alex Decision"
"DEC-765","01_drafting/policy/draft/EDrill_Family_Bursary_Procedure_SOP_DRAFT.md","12. Labour-Hire Agency Application Handling","3. Continuous work for EDrill since 1 January 2025 should be verified.","Decision Needed","Minor","Decide","","Should this advisory or decision-like wording remain in the final issue version?","Update affected document after Alex/Committee answer.","Needs Alex Decision"
"DEC-766","01_drafting/policy/draft/EDrill_Family_Bursary_Procedure_SOP_DRAFT.md","12. Labour-Hire Agency Application Handling","4. HR/Committee should confirm that communications do not describe labour-hire agency staff as EDrill employees.","Warning / Control Text","Administrative","Keep as warning/control","Final communications still need pre-publication check.","","Leave unchanged unless final policy tone requires shortening.","Keep"
"DEC-767","01_drafting/policy/draft/EDrill_Family_Bursary_Procedure_SOP_DRAFT.md","12. Labour-Hire Agency Application Handling","5. Finance should use the approved payment route to the labour-hire agency and may request confirmation that onward payment was made.","Already Decided / Needs Propagation","Minor","No action","Labour-hire agency receives funds from EDMPL and pays onward using existing payroll/payment process; receipt/acknowledgement handled like salary/payment acknowledgement.","","Leave unchanged if wording already reflects known decision.","Already Answered"
"DEC-768","01_drafting/policy/draft/EDrill_Family_Bursary_Procedure_SOP_DRAFT.md","12. Labour-Hire Agency Application Handling","No labour-hire award should be issued until any required agency acknowledgement is obtained.","Decision Needed","Minor","Decide","","Should this advisory or decision-like wording remain in the final issue version?","Update affected document after Alex/Committee answer.","Needs Alex Decision"
"DEC-769","01_drafting/policy/draft/EDrill_Family_Bursary_Procedure_SOP_DRAFT.md","13. Committee Review","The Committee should review only applications that pass eligibility screening, unless an exception review is requested.","Warning / Control Text","Administrative","Keep as warning/control","","","Leave unchanged unless final policy tone requires shortening.","Keep"
"DEC-770","01_drafting/policy/draft/EDrill_Family_Bursary_Procedure_SOP_DRAFT.md","13. Committee Review","- HR should prepare the review pack;","Decision Needed","Minor","Decide","","Should this advisory or decision-like wording remain in the final issue version?","Update affected document after Alex/Committee answer.","Needs Alex Decision"
"DEC-771","01_drafting/policy/draft/EDrill_Family_Bursary_Procedure_SOP_DRAFT.md","13. Committee Review","- applications should be partially anonymised where practical.","Decision Needed","Minor","Decide","","Should this advisory or decision-like wording remain in the final issue version?","Update affected document after Alex/Committee answer.","Needs Alex Decision"
"DEC-772","01_drafting/policy/draft/EDrill_Family_Bursary_Procedure_SOP_DRAFT.md","13. Committee Review","The review pack should include:","Decision Needed","Minor","Decide","","Should this advisory or decision-like wording remain in the final issue version?","Update affected document after Alex/Committee answer.","Needs Alex Decision"
"DEC-773","01_drafting/policy/draft/EDrill_Family_Bursary_Procedure_SOP_DRAFT.md","14. Selection Method","If eligible applications are equal to or fewer than available bursary places, the Committee may recommend all eligible applicants, subject to budget and approval.","Approval Evidence Needed","Administrative","Convert to approval evidence item","","What evidence, approver, and completion date should be recorded for this item?","Record completion evidence or keep as launch gate.","Needs Committee Approval"
"DEC-774","01_drafting/policy/draft/EDrill_Family_Bursary_Procedure_SOP_DRAFT.md","14. Selection Method","Provisional scoring model, to be approved by HR / the Executive Sponsor:","Decision Needed","Minor","Decide","","Should this advisory or decision-like wording remain in the final issue version?","Update affected document after Alex/Committee answer.","Needs Alex Decision"
"DEC-775","01_drafting/policy/draft/EDrill_Family_Bursary_Procedure_SOP_DRAFT.md","14. Selection Method","Recommended tie-breakers:","Decision Needed","Minor","Decide","","Should this advisory or decision-like wording remain in the final issue version?","Update affected document after Alex/Committee answer.","Needs Alex Decision"
"DEC-776","01_drafting/policy/draft/EDrill_Family_Bursary_Procedure_SOP_DRAFT.md","14. Selection Method","5. Committee Chair decision, recorded with reasons.","Decision Needed","Minor","Decide","","Should this advisory or decision-like wording remain in the final issue version?","Update affected document after Alex/Committee answer.","Needs Alex Decision"
"DEC-777","01_drafting/policy/draft/EDrill_Family_Bursary_Procedure_SOP_DRAFT.md","15. Decision Recording","For each application, the Committee should record:","Decision Needed","Minor","Decide","","Should this advisory or decision-like wording remain in the final issue version?","Update affected document after Alex/Committee answer.","Needs Alex Decision"
"DEC-778","01_drafting/policy/draft/EDrill_Family_Bursary_Procedure_SOP_DRAFT.md","15. Decision Recording","- score or ranking, if applicable;","Wording Choice","Minor","Decide","","Which wording or option should be retained in the final issue version?","Remove alternatives and retain the selected wording.","Needs Alex Decision"
"DEC-779","01_drafting/policy/draft/EDrill_Family_Bursary_Procedure_SOP_DRAFT.md","15. Decision Recording","- decision or recommendation;","Decision Needed","Minor","Decide","","Should this advisory or decision-like wording remain in the final issue version?","Update affected document after Alex/Committee answer.","Needs Alex Decision"
"DEC-780","01_drafting/policy/draft/EDrill_Family_Bursary_Procedure_SOP_DRAFT.md","15. Decision Recording","- reasons for decision;","Decision Needed","Minor","Decide","","Should this advisory or decision-like wording remain in the final issue version?","Update affected document after Alex/Committee answer.","Needs Alex Decision"
"DEC-781","01_drafting/policy/draft/EDrill_Family_Bursary_Procedure_SOP_DRAFT.md","15. Decision Recording","Decision records should be retained according to the approved retention period.","Decision Needed","Minor","Decide","","Should this advisory or decision-like wording remain in the final issue version?","Update affected document after Alex/Committee answer.","Needs Alex Decision"
"DEC-782","01_drafting/policy/draft/EDrill_Family_Bursary_Procedure_SOP_DRAFT.md","16. Award Approval","Award approval should confirm:","Decision Needed","Minor","Decide","","Should this advisory or decision-like wording remain in the final issue version?","Update affected document after Alex/Committee answer.","Needs Alex Decision"
"DEC-783","01_drafting/policy/draft/EDrill_Family_Bursary_Procedure_SOP_DRAFT.md","16. Award Approval","After Committee approval, Payroll is instructed by the Chairman for EDrill employee awards. No award letter should be issued until the approval record is complete.","Already Decided / Needs Propagation","Minor","No action","EDrill employee payments go through normal payroll into the employee bank account as a payslip line item.","","Leave unchanged if wording already reflects known decision.","Already Answered"
"DEC-784","01_drafting/policy/draft/EDrill_Family_Bursary_Procedure_SOP_DRAFT.md","17. Award Letter and Acceptance","Successful applicants should receive an award letter.","Decision Needed","Minor","Decide","","Should this advisory or decision-like wording remain in the final issue version?","Update affected document after Alex/Committee answer.","Needs Alex Decision"
"DEC-785","01_drafting/policy/draft/EDrill_Family_Bursary_Procedure_SOP_DRAFT.md","17. Award Letter and Acceptance","The award letter should state:","Decision Needed","Minor","Decide","","Should this advisory or decision-like wording remain in the final issue version?","Update affected document after Alex/Committee answer.","Needs Alex Decision"
"DEC-786","01_drafting/policy/draft/EDrill_Family_Bursary_Procedure_SOP_DRAFT.md","17. Award Letter and Acceptance","The applicant should acknowledge the award conditions before payment is made.","Decision Needed","Minor","Decide","","Should this advisory or decision-like wording remain in the final issue version?","Update affected document after Alex/Committee answer.","Needs Alex Decision"
"DEC-787","01_drafting/policy/draft/EDrill_Family_Bursary_Procedure_SOP_DRAFT.md","18. Unsuccessful Applications","Unsuccessful applicants should receive a short written notification.","Decision Needed","Minor","Decide","","Should this advisory or decision-like wording remain in the final issue version?","Update affected document after Alex/Committee answer.","Needs Alex Decision"
"DEC-788","01_drafting/policy/draft/EDrill_Family_Bursary_Procedure_SOP_DRAFT.md","18. Unsuccessful Applications","The notification should avoid detailed comparison with other applicants and should state, where appropriate, that:","Decision Needed","Minor","Decide","","Should this advisory or decision-like wording remain in the final issue version?","Update affected document after Alex/Committee answer.","Needs Alex Decision"
"DEC-789","01_drafting/policy/draft/EDrill_Family_Bursary_Procedure_SOP_DRAFT.md","19. Payment Processing","Finance should process payment only after:","Decision Needed","Minor","Decide","","Should this advisory or decision-like wording remain in the final issue version?","Update affected document after Alex/Committee answer.","Needs Alex Decision"
"DEC-790","01_drafting/policy/draft/EDrill_Family_Bursary_Procedure_SOP_DRAFT.md","19. Payment Processing","Payments should not exceed the approved award value. Evidence of schooling and education-related costs should be retained for audit and control even where the award is paid to an employee bank account or through a labour-hire agency.","Already Decided / Needs Propagation","Minor","No action","EDrill employee payments go through normal payroll into the employee bank account as a payslip line item.","","Leave unchanged if wording already reflects known decision.","Already Answered"
"DEC-791","01_drafting/policy/draft/EDrill_Family_Bursary_Procedure_SOP_DRAFT.md","20. Quarterly Review","Where awards are paid quarterly, HR and Finance should review each recipient before each payment.","Decision Needed","Minor","Decide","","Should this advisory or decision-like wording remain in the final issue version?","Update affected document after Alex/Committee answer.","Needs Alex Decision"
"DEC-792","01_drafting/policy/draft/EDrill_Family_Bursary_Procedure_SOP_DRAFT.md","20. Quarterly Review","The quarterly review should confirm:","Decision Needed","Minor","Decide","","Should this advisory or decision-like wording remain in the final issue version?","Update affected document after Alex/Committee answer.","Needs Alex Decision"
"DEC-793","01_drafting/policy/draft/EDrill_Family_Bursary_Procedure_SOP_DRAFT.md","21. Changes in Circumstances","The Company may suspend, reduce, stop, or recover payment where eligibility no longer applies or information was inaccurate, subject to any Committee decision on mid-year employment or assignment cessation.","Approval Evidence Needed","Administrative","Convert to approval evidence item","If employment or assignment ceases mid-year, Committee decides case by case based on circumstances and family need.","What evidence, approver, and completion date should be recorded for this item?","Record completion evidence or keep as launch gate.","Needs Finance/Admin Evidence"
"DEC-794","01_drafting/policy/draft/EDrill_Family_Bursary_Procedure_SOP_DRAFT.md","22. Renewal","Before renewal, HR should request updated:","Already Decided / Needs Propagation","Minor","No action","Annual reset; no automatic renewal and no automatic renewal priority.","","Leave unchanged if wording already reflects known decision.","Already Answered"
"DEC-795","01_drafting/policy/draft/EDrill_Family_Bursary_Procedure_SOP_DRAFT.md","22. Renewal","Existing recipients may reapply and will be assessed under the same criteria as other applicants, subject to eligibility, available places, and annual approval.","Approval Evidence Needed","Administrative","Convert to approval evidence item","","What evidence, approver, and completion date should be recorded for this item?","Record completion evidence or keep as launch gate.","Needs Committee Approval"
"DEC-796","01_drafting/policy/draft/EDrill_Family_Bursary_Procedure_SOP_DRAFT.md","23. Appeals and Exceptions","Appeals should be submitted within the approved timeframe.","Already Decided / Needs Propagation","Minor","No action","Appeals go to the Chairman of the Committee.","","Leave unchanged if wording already reflects known decision.","Already Answered"
"DEC-797","01_drafting/policy/draft/EDrill_Family_Bursary_Procedure_SOP_DRAFT.md","23. Appeals and Exceptions","Rejected applicants may appeal to the Chairman of the Committee for review. Appeals should be reviewed by persons who were not conflicted in the original decision where practical.","Already Decided / Needs Propagation","Minor","No action","Appeals go to the Chairman of the Committee.","","Leave unchanged if wording already reflects known decision.","Already Answered"
"DEC-798","01_drafting/policy/draft/EDrill_Family_Bursary_Procedure_SOP_DRAFT.md","23. Appeals and Exceptions","Exception approvals must be recorded with reasons and must not undermine the fairness of the scheme.","Warning / Control Text","Administrative","Keep as warning/control","","","Leave unchanged unless final policy tone requires shortening.","Keep"
"DEC-799","01_drafting/policy/draft/EDrill_Family_Bursary_Procedure_SOP_DRAFT.md","24. Records Management","HR should maintain a secure Bursary evidence file using the Launch Evidence File Register as the control index.","Approval Evidence Needed","Administrative","Convert to approval evidence item","","What evidence, approver, and completion date should be recorded for this item?","Record completion evidence or keep as launch gate.","Needs Finance/Admin Evidence"
"DEC-800","01_drafting/policy/draft/EDrill_Family_Bursary_Procedure_SOP_DRAFT.md","24. Records Management","The evidence file should contain:","Decision Needed","Minor","Decide","","Should this advisory or decision-like wording remain in the final issue version?","Update affected document after Alex/Committee answer.","Needs Alex Decision"
"DEC-801","01_drafting/policy/draft/EDrill_Family_Bursary_Procedure_SOP_DRAFT.md","24. Records Management","- decision log;","Decision Needed","Minor","Decide","","Should this advisory or decision-like wording remain in the final issue version?","Update affected document after Alex/Committee answer.","Needs Alex Decision"
"DEC-802","01_drafting/policy/draft/EDrill_Family_Bursary_Procedure_SOP_DRAFT.md","24. Records Management","- labour-hire agency acknowledgement, if applicable;","Wording Choice","Minor","Decide","","Which wording or option should be retained in the final issue version?","Remove alternatives and retain the selected wording.","Needs Alex Decision"
"DEC-803","01_drafting/policy/draft/EDrill_Family_Bursary_Procedure_SOP_DRAFT.md","24. Records Management","Access should be limited to authorised HR, Finance, Operations, Committee, and approving personnel.","Decision Needed","Minor","Decide","","Should this advisory or decision-like wording remain in the final issue version?","Update affected document after Alex/Committee answer.","Needs Alex Decision"
"DEC-804","01_drafting/policy/draft/EDrill_Family_Bursary_Procedure_SOP_DRAFT.md","24. Records Management","Records should be retained for HR, payroll, audit, tax, and administration needs under restricted access. The Committee may set or update the retention period administratively.","Warning / Control Text","Administrative","Keep as warning/control","EDrill employee payments go through normal payroll into the employee bank account as a payslip line item.","","Leave unchanged unless final policy tone requires shortening.","Keep"
"DEC-805","01_drafting/policy/draft/EDrill_Family_Bursary_Procedure_SOP_DRAFT.md","24. Records Management","Committee members should receive anonymised review packs where practical and should not receive raw salary data or unnecessary child/family documents unless HR and the Committee approve the disclosure.","Warning / Control Text","Administrative","Keep as warning/control","","","Leave unchanged unless final policy tone requires shortening.","Keep"
"DEC-806","01_drafting/policy/draft/EDrill_Family_Bursary_Procedure_SOP_DRAFT.md","25. Privacy","HR must not share applicant or child data beyond authorised personnel unless:","Warning / Control Text","Administrative","Keep as warning/control","","","Leave unchanged unless final policy tone requires shortening.","Keep"
"DEC-807","01_drafting/policy/draft/EDrill_Family_Bursary_Procedure_SOP_DRAFT.md","25. Privacy","Beneficiary names, photos, or personal stories must not be used in internal or external communications without specific written consent.","Warning / Control Text","Administrative","Keep as warning/control","Final communications still need pre-publication check.","","Leave unchanged unless final policy tone requires shortening.","Keep"
"DEC-808","01_drafting/policy/draft/EDrill_Family_Bursary_Procedure_SOP_DRAFT.md","26. Annual Reporting","At the end of each Award Year, HR should prepare an annual scheme report including:","Decision Needed","Minor","Decide","","Should this advisory or decision-like wording remain in the final issue version?","Update affected document after Alex/Committee answer.","Needs Alex Decision"
"DEC-809","01_drafting/policy/draft/EDrill_Family_Bursary_Procedure_SOP_DRAFT.md","26. Annual Reporting","- recommendations for next year.","Decision Needed","Minor","Decide","","Should this advisory or decision-like wording remain in the final issue version?","Update affected document after Alex/Committee answer.","Needs Alex Decision"
"DEC-810","01_drafting/policy/draft/EDrill_Family_Bursary_Procedure_SOP_DRAFT.md","26. Annual Reporting","The report should be reviewed by HR, Finance, Operations, and the Executive Sponsor.","Decision Needed","Minor","Decide","","Should this advisory or decision-like wording remain in the final issue version?","Update affected document after Alex/Committee answer.","Needs Alex Decision"
"DEC-811","01_drafting/policy/draft/EDrill_Family_Bursary_Procedure_SOP_DRAFT.md","27. Review and Amendment","This Procedure should be reviewed annually or earlier if:","Decision Needed","Minor","Decide","","Should this advisory or decision-like wording remain in the final issue version?","Update affected document after Alex/Committee answer.","Needs Alex Decision"
"DEC-812","01_drafting/policy/draft/EDrill_Family_Bursary_Procedure_SOP_DRAFT.md","27. Review and Amendment","Any material amendment should be approved by the appropriate authority and recorded in the decision log.","Decision Needed","Minor","Decide","","Should this advisory or decision-like wording remain in the final issue version?","Update affected document after Alex/Committee answer.","Needs Alex Decision"
"DEC-813","01_drafting/README.md","Phase 1: Drafting","This folder contains the working materials for the period before launch on 1 October 2026. Use it for founding documents, governance notes, open questions, and decisions made while the program is being designed.","Approval Evidence Needed","Administrative","Convert to approval evidence item","","What evidence, approver, and completion date should be recorded for this item?","Record completion evidence or keep as launch gate.","Needs Committee Approval"
"DEC-814","02_operations/archive/EDrill_Family_Bursary_Completion_Audit_and_Handover.md","The EDrill Family Bursary - Completion Audit and Handover","Important note: This audit is not legal advice. Chairman/Committee-approved internal compliance position; no external legal advice obtained. The Bursary should not be launched, announced externally, opened for applications, or paid until the Launch Approval Checklist records all required Phase 1 approvals and final communications checks.","Historical / Superseded","Administrative","Move to archive/reference","Appeals go to the Chairman of the Committee.","","Leave as reference unless final issue pack excludes historical material.","Keep"
"DEC-815","02_operations/archive/EDrill_Family_Bursary_Completion_Audit_and_Handover.md","1. Executive Summary","5. Complete conflict-of-interest and confidentiality declarations before Committee review/decision activity.","Historical / Superseded","Administrative","Move to archive/reference","","","Leave as reference unless final issue pack excludes historical material.","Keep"
"DEC-816","02_operations/archive/EDrill_Family_Bursary_Completion_Audit_and_Handover.md","1. Executive Summary","The long-term Singapore ROS / fundraising pathway has been preserved in scope, but deliberately not activated. That is the right posture for Phase 1. A Singapore society or employee-funded structure should only be pursued after separate legal, governance, fundraising, banking, tax, and membership decisions.","Historical / Superseded","Administrative","Move to archive/reference","No ROS activation and no fundraising in Phase 1.","","Leave as reference unless final issue pack excludes historical material.","Keep"
"DEC-817","02_operations/archive/EDrill_Family_Bursary_Completion_Audit_and_Handover.md","2. Original Objective Tested Against Current Pack","| Establish The EDrill Family Bursary | Partly complete | The scheme concept, scope, eligibility, procedures, forms, and communications are drafted. It is not established until approvals are recorded and launch gates close. |","Historical / Superseded","Administrative","Move to archive/reference","Final communications still need pre-publication check.","","Leave as reference unless final issue pack excludes historical material.","Keep"
"DEC-818","02_operations/archive/EDrill_Family_Bursary_Completion_Audit_and_Handover.md","2. Original Objective Tested Against Current Pack","| Make it operational | Not complete | The launch checklist remains open. No applications should be opened and no awards should be paid yet. |","Historical / Superseded","Administrative","Move to archive/reference","","","Leave as reference unless final issue pack excludes historical material.","Keep"
"DEC-819","02_operations/archive/EDrill_Family_Bursary_Completion_Audit_and_Handover.md","2. Original Objective Tested Against Current Pack","| Marketing LinkedIn post | Drafted for review | External publication should wait until final Chairman/Committee/Communications pre-publication check. No fundraising language should be used in Phase 1. |","Historical / Superseded","Administrative","Move to archive/reference","No ROS activation and no fundraising in Phase 1.","","Leave as reference unless final issue pack excludes historical material.","Keep"
"DEC-820","02_operations/archive/EDrill_Family_Bursary_Completion_Audit_and_Handover.md","4. What Is Complete Enough for Review","1. The Phase 1 structural recommendation: use an internal company-funded discretionary bursary, not a registered society, charity, foundation, or fundraising vehicle at launch.","Historical / Superseded","Administrative","Move to archive/reference","No ROS activation and no fundraising in Phase 1.","","Leave as reference unless final issue pack excludes historical material.","Keep"
"DEC-821","02_operations/archive/EDrill_Family_Bursary_Completion_Audit_and_Handover.md","5. What Is Not Complete","The following items remain incomplete and should not be treated as operationally complete:","Historical / Superseded","Administrative","Move to archive/reference","","","Leave as reference unless final issue pack excludes historical material.","Keep"
"DEC-822","02_operations/archive/EDrill_Family_Bursary_Completion_Audit_and_Handover.md","5. What Is Not Complete","2. Launch evidence file and secure administration setup: must be completed before applications open.","Historical / Superseded","Administrative","Move to archive/reference","","","Leave as reference unless final issue pack excludes historical material.","Keep"
"DEC-823","02_operations/archive/EDrill_Family_Bursary_Completion_Audit_and_Handover.md","5. What Is Not Complete","3. Conflict-of-interest and confidentiality declarations: required before Committee review/decision activity.","Historical / Superseded","Administrative","Move to archive/reference","","","Leave as reference unless final issue pack excludes historical material.","Keep"
"DEC-824","02_operations/archive/EDrill_Family_Bursary_Completion_Audit_and_Handover.md","5. What Is Not Complete","6. Publication: no external announcement should be made yet.","Historical / Superseded","Administrative","Move to archive/reference","","","Leave as reference unless final issue pack excludes historical material.","Keep"
"DEC-825","02_operations/archive/EDrill_Family_Bursary_Completion_Audit_and_Handover.md","5. What Is Not Complete","7. Applications: no applications should be opened yet.","Historical / Superseded","Administrative","Move to archive/reference","","","Leave as reference unless final issue pack excludes historical material.","Keep"
"DEC-826","02_operations/archive/EDrill_Family_Bursary_Completion_Audit_and_Handover.md","5. What Is Not Complete","8. Awards: no award commitment or payment should be made yet.","Historical / Superseded","Administrative","Move to archive/reference","","","Leave as reference unless final issue pack excludes historical material.","Keep"
"DEC-827","02_operations/archive/EDrill_Family_Bursary_Completion_Audit_and_Handover.md","6. Critical Assumptions to Challenge","These assumptions should be tested before launch:","Historical / Superseded","Administrative","Move to archive/reference","","","Leave as reference unless final issue pack excludes historical material.","Keep"
"DEC-828","02_operations/archive/EDrill_Family_Bursary_Completion_Audit_and_Handover.md","6. Critical Assumptions to Challenge","It may be acceptable, but the wording and process matter. The scheme should not imply labour-hire agency staff are EDrill employees or create unintended employment, agency, benefit, or co-employment signals.","Historical / Superseded","Administrative","Move to archive/reference","","","Leave as reference unless final issue pack excludes historical material.","Keep"
"DEC-829","02_operations/archive/EDrill_Family_Bursary_Completion_Audit_and_Handover.md","7. Recommended Approval Sequence","5. Complete conflict-of-interest and confidentiality declarations before review/decision activity.","Historical / Superseded","Administrative","Move to archive/reference","","","Leave as reference unless final issue pack excludes historical material.","Keep"
"DEC-830","02_operations/archive/EDrill_Family_Bursary_Completion_Audit_and_Handover.md","7. Recommended Approval Sequence","9. Open applications only after the checklist supports launch.","Historical / Superseded","Administrative","Move to archive/reference","","","Leave as reference unless final issue pack excludes historical material.","Keep"
"DEC-831","02_operations/archive/EDrill_Family_Bursary_Completion_Audit_and_Handover.md","8. Do Not Do Before Approval","Before the launch checklist is closed, do not:","Historical / Superseded","Administrative","Move to archive/reference","","","Leave as reference unless final issue pack excludes historical material.","Keep"
"DEC-832","02_operations/archive/EDrill_Family_Bursary_Completion_Audit_and_Handover.md","8. Do Not Do Before Approval","3. Open applications.","Historical / Superseded","Administrative","Move to archive/reference","","","Leave as reference unless final issue pack excludes historical material.","Keep"
"DEC-833","02_operations/archive/EDrill_Family_Bursary_Completion_Audit_and_Handover.md","9. Operational Readiness Rating","| Communications readiness | Amber | Drafts exist but should not be issued yet. |","Historical / Superseded","Administrative","Move to archive/reference","Final communications still need pre-publication check.","","Leave as reference unless final issue pack excludes historical material.","Keep"
"DEC-834","02_operations/archive/EDrill_Family_Bursary_Completion_Audit_and_Handover.md","10. Immediate Next Actions","Recommended next three actions:","Historical / Superseded","Administrative","Move to archive/reference","","","Leave as reference unless final issue pack excludes historical material.","Keep"
"DEC-835","02_operations/archive/EDrill_Family_Bursary_Completion_Audit_and_Handover.md","10. Immediate Next Actions","1. Circulate the updated README, Decision Log, Document Register, and Launch Approval Checklist to Executive Sponsor, Bangkok HR, Finance, Committee, and Operations.","Historical / Superseded","Administrative","Move to archive/reference","","","Leave as reference unless final issue pack excludes historical material.","Keep"
"DEC-836","02_operations/archive/EDrill_Family_Bursary_Completion_Audit_and_Handover.md","10. Immediate Next Actions","2. Complete launch evidence/admin setup, agency acknowledgement if applicable, and conflict/confidentiality declarations.","Historical / Superseded","Administrative","Move to archive/reference","","","Leave as reference unless final issue pack excludes historical material.","Keep"
"DEC-837","02_operations/archive/EDrill_Family_Bursary_Completion_Audit_and_Handover.md","10. Immediate Next Actions","3. After checklist approvals are recorded, revise draft documents to issue versions and then open the internal launch process.","Historical / Superseded","Administrative","Move to archive/reference","","","Leave as reference unless final issue pack excludes historical material.","Keep"
"DEC-838","02_operations/award-years/2026-2027/EDrill_Family_Bursary_2026_2027_Launch_Evidence_Register.md","The EDrill Family Bursary - 2026-2027 Launch Evidence Register","Status: Open / pending evidence","Approval Evidence Needed","Administrative","Convert to approval evidence item","","What evidence, approver, and completion date should be recorded for this item?","Record completion evidence or keep as launch gate.","Needs Finance/Admin Evidence"
"DEC-839","02_operations/award-years/2026-2027/EDrill_Family_Bursary_2026_2027_Launch_Evidence_Register.md","The EDrill Family Bursary - 2026-2027 Launch Evidence Register","This register records launch administration evidence only. It does not by itself launch the Bursary, open applications, approve awards, or authorise publication.","Approval Evidence Needed","Administrative","Convert to approval evidence item","","What evidence, approver, and completion date should be recorded for this item?","Record completion evidence or keep as launch gate.","Needs Finance/Admin Evidence"
"DEC-840","02_operations/award-years/2026-2027/EDrill_Family_Bursary_2026_2027_Launch_Evidence_Register.md","2. Evidence Checklist","| 1 | Final approved policy/charter | Open / pending evidence | | | | |","Approval Evidence Needed","Administrative","Convert to approval evidence item","","What evidence, approver, and completion date should be recorded for this item?","Record completion evidence or keep as launch gate.","Needs Finance/Admin Evidence"
"DEC-841","02_operations/award-years/2026-2027/EDrill_Family_Bursary_2026_2027_Launch_Evidence_Register.md","2. Evidence Checklist","| 2 | Final approved SOP | Open / pending evidence | | | | |","Approval Evidence Needed","Administrative","Convert to approval evidence item","","What evidence, approver, and completion date should be recorded for this item?","Record completion evidence or keep as launch gate.","Needs Finance/Admin Evidence"
"DEC-842","02_operations/award-years/2026-2027/EDrill_Family_Bursary_2026_2027_Launch_Evidence_Register.md","2. Evidence Checklist","| 3 | Final approved eligibility criteria | Open / pending evidence | | | | |","Approval Evidence Needed","Administrative","Convert to approval evidence item","","What evidence, approver, and completion date should be recorded for this item?","Record completion evidence or keep as launch gate.","Needs Finance/Admin Evidence"
"DEC-843","02_operations/award-years/2026-2027/EDrill_Family_Bursary_2026_2027_Launch_Evidence_Register.md","2. Evidence Checklist","| 4 | Application form issued | Open / pending evidence | | | | |","Approval Evidence Needed","Administrative","Convert to approval evidence item","","What evidence, approver, and completion date should be recorded for this item?","Record completion evidence or keep as launch gate.","Needs Finance/Admin Evidence"
"DEC-844","02_operations/award-years/2026-2027/EDrill_Family_Bursary_2026_2027_Launch_Evidence_Register.md","2. Evidence Checklist","| 5 | Evidence checklist issued | Open / pending evidence | | | | |","Approval Evidence Needed","Administrative","Convert to approval evidence item","","What evidence, approver, and completion date should be recorded for this item?","Record completion evidence or keep as launch gate.","Needs Finance/Admin Evidence"
"DEC-845","02_operations/award-years/2026-2027/EDrill_Family_Bursary_2026_2027_Launch_Evidence_Register.md","2. Evidence Checklist","| 6 | Committee members confirmed | Open / pending evidence | | | | |","Approval Evidence Needed","Administrative","Convert to approval evidence item","Phase 1 Committee is confirmed: Alex Maroske, Jacquline Ho, Malee Pasutharnchart, Luke Byrne, Sittikorn Intahkaew.","What evidence, approver, and completion date should be recorded for this item?","Record completion evidence or keep as launch gate.","Needs Finance/Admin Evidence"
"DEC-846","02_operations/award-years/2026-2027/EDrill_Family_Bursary_2026_2027_Launch_Evidence_Register.md","2. Evidence Checklist","| 7 | Conflict/confidentiality declarations completed | Open / pending evidence | | | | |","Approval Evidence Needed","Administrative","Convert to approval evidence item","","What evidence, approver, and completion date should be recorded for this item?","Record completion evidence or keep as launch gate.","Needs Finance/Admin Evidence"
"DEC-847","02_operations/award-years/2026-2027/EDrill_Family_Bursary_2026_2027_Launch_Evidence_Register.md","2. Evidence Checklist","| 8 | Finance/payroll instruction process confirmed | Open / pending evidence | | | | |","Approval Evidence Needed","Administrative","Convert to approval evidence item","EDrill employee payments go through normal payroll into the employee bank account as a payslip line item.","What evidence, approver, and completion date should be recorded for this item?","Record completion evidence or keep as launch gate.","Needs Finance/Admin Evidence"
"DEC-848","02_operations/award-years/2026-2027/EDrill_Family_Bursary_2026_2027_Launch_Evidence_Register.md","2. Evidence Checklist","| 9 | Payroll line item method confirmed | Open / pending evidence | | | | |","Approval Evidence Needed","Administrative","Convert to approval evidence item","EDrill employee payments go through normal payroll into the employee bank account as a payslip line item.","What evidence, approver, and completion date should be recorded for this item?","Record completion evidence or keep as launch gate.","Needs Finance/Admin Evidence"
"DEC-849","02_operations/award-years/2026-2027/EDrill_Family_Bursary_2026_2027_Launch_Evidence_Register.md","2. Evidence Checklist","| 10 | Labour-hire agency acknowledgement received, if applicable | Open / pending evidence | | | | |","Approval Evidence Needed","Administrative","Convert to approval evidence item","","What evidence, approver, and completion date should be recorded for this item?","Record completion evidence or keep as launch gate.","Needs Finance/Admin Evidence"
"DEC-850","02_operations/award-years/2026-2027/EDrill_Family_Bursary_2026_2027_Launch_Evidence_Register.md","2. Evidence Checklist","| 11 | Applicant privacy/consent form approved | Open / pending evidence | | | | |","Approval Evidence Needed","Administrative","Convert to approval evidence item","","What evidence, approver, and completion date should be recorded for this item?","Record completion evidence or keep as launch gate.","Needs Finance/Admin Evidence"
"DEC-851","02_operations/award-years/2026-2027/EDrill_Family_Bursary_2026_2027_Launch_Evidence_Register.md","2. Evidence Checklist","| 12 | Internal launch message approved | Open / pending evidence | | | | |","Approval Evidence Needed","Administrative","Convert to approval evidence item","Final communications still need pre-publication check.","What evidence, approver, and completion date should be recorded for this item?","Record completion evidence or keep as launch gate.","Needs Finance/Admin Evidence"
"DEC-852","02_operations/award-years/2026-2027/EDrill_Family_Bursary_2026_2027_Launch_Evidence_Register.md","2. Evidence Checklist","| 13 | LinkedIn/corporate website post approved | Open / pending evidence | | | | |","Approval Evidence Needed","Administrative","Convert to approval evidence item","Final communications still need pre-publication check.","What evidence, approver, and completion date should be recorded for this item?","Record completion evidence or keep as launch gate.","Needs Finance/Admin Evidence"
"DEC-853","02_operations/award-years/2026-2027/EDrill_Family_Bursary_2026_2027_Launch_Evidence_Register.md","2. Evidence Checklist","| 14 | Application opening date | Open / pending evidence | | | | |","Approval Evidence Needed","Administrative","Convert to approval evidence item","","What evidence, approver, and completion date should be recorded for this item?","Record completion evidence or keep as launch gate.","Needs Finance/Admin Evidence"
"DEC-854","02_operations/award-years/2026-2027/EDrill_Family_Bursary_2026_2027_Launch_Evidence_Register.md","2. Evidence Checklist","| 15 | Application closing date | Open / pending evidence | | | | |","Approval Evidence Needed","Administrative","Convert to approval evidence item","","What evidence, approver, and completion date should be recorded for this item?","Record completion evidence or keep as launch gate.","Needs Finance/Admin Evidence"
"DEC-855","02_operations/award-years/2026-2027/EDrill_Family_Bursary_2026_2027_Launch_Evidence_Register.md","2. Evidence Checklist","| 16 | Committee review date | Open / pending evidence | | | | |","Approval Evidence Needed","Administrative","Convert to approval evidence item","","What evidence, approver, and completion date should be recorded for this item?","Record completion evidence or keep as launch gate.","Needs Finance/Admin Evidence"
"DEC-856","02_operations/award-years/2026-2027/EDrill_Family_Bursary_2026_2027_Launch_Evidence_Register.md","2. Evidence Checklist","| 17 | Award decision record | Open / pending evidence | | | | |","Approval Evidence Needed","Administrative","Convert to approval evidence item","","What evidence, approver, and completion date should be recorded for this item?","Record completion evidence or keep as launch gate.","Needs Finance/Admin Evidence"
"DEC-857","02_operations/award-years/2026-2027/EDrill_Family_Bursary_2026_2027_Launch_Evidence_Register.md","2. Evidence Checklist","| 18 | Payroll instruction record | Open / pending evidence | | | | |","Approval Evidence Needed","Administrative","Convert to approval evidence item","EDrill employee payments go through normal payroll into the employee bank account as a payslip line item.","What evidence, approver, and completion date should be recorded for this item?","Record completion evidence or keep as launch gate.","Needs Finance/Admin Evidence"
"DEC-858","02_operations/award-years/2026-2027/EDrill_Family_Bursary_2026_2027_Launch_Evidence_Register.md","2. Evidence Checklist","| 19 | Payment confirmation | Open / pending evidence | | | | |","Approval Evidence Needed","Administrative","Convert to approval evidence item","","What evidence, approver, and completion date should be recorded for this item?","Record completion evidence or keep as launch gate.","Needs Finance/Admin Evidence"
"DEC-859","02_operations/award-years/2026-2027/EDrill_Family_Bursary_2026_2027_Launch_Evidence_Register.md","3. Readiness Summary","| Is the Bursary ready to open applications? | |","Approval Evidence Needed","Administrative","Convert to approval evidence item","","What evidence, approver, and completion date should be recorded for this item?","Record completion evidence or keep as launch gate.","Needs Committee Approval"
"DEC-860","02_operations/award-years/template/EDrill_Family_Bursary_Annual_Scheme_Report_Template_DRAFT.md","2. Executive Summary","Briefly summarise the award cycle, number of applications, number of awards, total spend, issues, and recommendations.","Decision Needed","Minor","Decide","","Should this advisory or decision-like wording remain in the final issue version?","Update affected document after Alex/Committee answer.","Needs Alex Decision"
"DEC-861","02_operations/award-years/template/EDrill_Family_Bursary_Annual_Scheme_Report_Template_DRAFT.md","4. Award Categories","| labour-hire agency employee children, if applicable | | | | |","Wording Choice","Minor","Decide","","Which wording or option should be retained in the final issue version?","Remove alternatives and retain the selected wording.","Needs Alex Decision"
"DEC-862","02_operations/award-years/template/EDrill_Family_Bursary_Annual_Scheme_Report_Template_DRAFT.md","8. Lessons Learned","| Area | Observation | Recommended action |","Decision Needed","Minor","Decide","","Should this advisory or decision-like wording remain in the final issue version?","Update affected document after Alex/Committee answer.","Needs Alex Decision"
"DEC-863","02_operations/award-years/template/EDrill_Family_Bursary_Annual_Scheme_Report_Template_DRAFT.md","8. Lessons Learned","| Labour-hire agency, if applicable | | |","Wording Choice","Minor","Decide","","Which wording or option should be retained in the final issue version?","Remove alternatives and retain the selected wording.","Needs Alex Decision"
"DEC-864","02_operations/award-years/template/EDrill_Family_Bursary_Annual_Scheme_Report_Template_DRAFT.md","9. Recommendations For Next Award Year","| Recommendation | Owner | Target date |","Decision Needed","Minor","Decide","","Should this advisory or decision-like wording remain in the final issue version?","Update affected document after Alex/Committee answer.","Needs Alex Decision"
"DEC-865","02_operations/award-years/template/EDrill_Family_Bursary_Annual_Scheme_Report_Template_DRAFT.md","10. Future Structure Review","Should the Bursary remain an internal company-funded scheme for the next Award Year?","Decision Needed","Minor","Decide","","Should this advisory or decision-like wording remain in the final issue version?","Update affected document after Alex/Committee answer.","Needs Alex Decision"
"DEC-866","02_operations/award-years/template/EDrill_Family_Bursary_Annual_Scheme_Report_Template_DRAFT.md","10. Future Structure Review","Should EDrill explore future Singapore ROS registration, employee/member contributions, or another structure?","Already Decided / Needs Propagation","Minor","No action","No ROS activation and no fundraising in Phase 1.","","Leave unchanged if wording already reflects known decision.","Already Answered"
"DEC-867","02_operations/award-years/template/EDrill_Family_Bursary_Renewal_Review_Form_DRAFT.md","The EDrill Family Bursary - Renewal Review Form","Important: renewal is not automatic.","Warning / Control Text","Administrative","Keep as warning/control","Annual reset; no automatic renewal and no automatic renewal priority.","","Leave unchanged unless final policy tone requires shortening.","Keep"
"DEC-868","02_operations/award-years/template/EDrill_Family_Bursary_Renewal_Review_Form_DRAFT.md","3. Updated Evidence Required","- [ ] Updated labour-hire agency verification, if applicable","Wording Choice","Minor","Decide","","Which wording or option should be retained in the final issue version?","Remove alternatives and retain the selected wording.","Needs Alex Decision"
"DEC-869","02_operations/award-years/template/EDrill_Family_Bursary_Renewal_Review_Form_DRAFT.md","5. Committee Renewal Recommendation","| Recommendation | Tick / notes |","Decision Needed","Minor","Decide","","Should this advisory or decision-like wording remain in the final issue version?","Update affected document after Alex/Committee answer.","Needs Alex Decision"
"DEC-870","02_operations/award-years/template/EDrill_Family_Bursary_Renewal_Review_Form_DRAFT.md","5. Committee Renewal Recommendation","| Recommend renewal | |","Already Decided / Needs Propagation","Minor","No action","Annual reset; no automatic renewal and no automatic renewal priority.","","Leave unchanged if wording already reflects known decision.","Already Answered"
"DEC-871","02_operations/award-years/template/EDrill_Family_Bursary_Renewal_Review_Form_DRAFT.md","5. Committee Renewal Recommendation","| Recommend renewal with conditions | |","Already Decided / Needs Propagation","Minor","No action","Annual reset; no automatic renewal and no automatic renewal priority.","","Leave unchanged if wording already reflects known decision.","Already Answered"
"DEC-872","02_operations/award-years/template/EDrill_Family_Bursary_Renewal_Review_Form_DRAFT.md","5. Committee Renewal Recommendation","| Do not recommend renewal | |","Warning / Control Text","Administrative","Keep as warning/control","Annual reset; no automatic renewal and no automatic renewal priority.","","Leave unchanged unless final policy tone requires shortening.","Keep"
"DEC-873","02_operations/award-years/template/EDrill_Family_Bursary_Renewal_Review_Form_DRAFT.md","6. Recommended Renewal Award","| Recommended amount | THB |","Decision Needed","Minor","Decide","","Should this advisory or decision-like wording remain in the final issue version?","Update affected document after Alex/Committee answer.","Needs Alex Decision"
"DEC-874","02_operations/award-years/template/EDrill_Family_Bursary_Renewal_Review_Form_DRAFT.md","6. Recommended Renewal Award","| Recommended payment route | EDrill employee bank payment / labour-hire agency onward payment / other approved route |","Already Decided / Needs Propagation","Minor","No action","Labour-hire agency receives funds from EDMPL and pays onward using existing payroll/payment process; receipt/acknowledgement handled like salary/payment acknowledgement.","","Leave unchanged if wording already reflects known decision.","Already Answered"
"DEC-875","02_operations/award-years/template/EDrill_Family_Bursary_Renewal_Review_Form_DRAFT.md","7. Reasons","| Reasons for recommendation |","Decision Needed","Minor","Decide","","Should this advisory or decision-like wording remain in the final issue version?","Update affected document after Alex/Committee answer.","Needs Alex Decision"
"DEC-876","02_operations/EDrill_Family_Bursary_Completion_Audit_and_Handover.md","The EDrill Family Bursary - Completion Audit and Handover","Important note: This audit is not legal advice. Chairman/Committee-approved internal compliance position; no external legal advice obtained. The Bursary should not be launched, announced externally, opened for applications, or paid until the Launch Approval Checklist records all required Phase 1 approvals and final communications checks.","Historical / Superseded","Administrative","Move to archive/reference","Appeals go to the Chairman of the Committee.","","Leave as reference unless final issue pack excludes historical material.","Keep"
"DEC-877","02_operations/EDrill_Family_Bursary_Completion_Audit_and_Handover.md","1. Executive Summary","5. Complete conflict-of-interest and confidentiality declarations before Committee review/decision activity.","Historical / Superseded","Administrative","Move to archive/reference","","","Leave as reference unless final issue pack excludes historical material.","Keep"
"DEC-878","02_operations/EDrill_Family_Bursary_Completion_Audit_and_Handover.md","1. Executive Summary","The long-term Singapore ROS / fundraising pathway has been preserved in scope, but deliberately not activated. That is the right posture for Phase 1. A Singapore society or employee-funded structure should only be pursued after separate legal, governance, fundraising, banking, tax, and membership decisions.","Historical / Superseded","Administrative","Move to archive/reference","No ROS activation and no fundraising in Phase 1.","","Leave as reference unless final issue pack excludes historical material.","Keep"
"DEC-879","02_operations/EDrill_Family_Bursary_Completion_Audit_and_Handover.md","2. Original Objective Tested Against Current Pack","| Establish The EDrill Family Bursary | Partly complete | The scheme concept, scope, eligibility, procedures, forms, and communications are drafted. It is not established until approvals are recorded and launch gates close. |","Historical / Superseded","Administrative","Move to archive/reference","Final communications still need pre-publication check.","","Leave as reference unless final issue pack excludes historical material.","Keep"
"DEC-880","02_operations/EDrill_Family_Bursary_Completion_Audit_and_Handover.md","2. Original Objective Tested Against Current Pack","| Make it operational | Not complete | The launch checklist remains open. No applications should be opened and no awards should be paid yet. |","Historical / Superseded","Administrative","Move to archive/reference","","","Leave as reference unless final issue pack excludes historical material.","Keep"
"DEC-881","02_operations/EDrill_Family_Bursary_Completion_Audit_and_Handover.md","2. Original Objective Tested Against Current Pack","| Marketing LinkedIn post | Drafted for review | External publication should wait until final Chairman/Committee/Communications pre-publication check. No fundraising language should be used in Phase 1. |","Historical / Superseded","Administrative","Move to archive/reference","No ROS activation and no fundraising in Phase 1.","","Leave as reference unless final issue pack excludes historical material.","Keep"
"DEC-882","02_operations/EDrill_Family_Bursary_Completion_Audit_and_Handover.md","4. What Is Complete Enough for Review","1. The Phase 1 structural recommendation: use an internal company-funded discretionary bursary, not a registered society, charity, foundation, or fundraising vehicle at launch.","Historical / Superseded","Administrative","Move to archive/reference","No ROS activation and no fundraising in Phase 1.","","Leave as reference unless final issue pack excludes historical material.","Keep"
"DEC-883","02_operations/EDrill_Family_Bursary_Completion_Audit_and_Handover.md","5. What Is Not Complete","The following items remain incomplete and should not be treated as operationally complete:","Historical / Superseded","Administrative","Move to archive/reference","","","Leave as reference unless final issue pack excludes historical material.","Keep"
"DEC-884","02_operations/EDrill_Family_Bursary_Completion_Audit_and_Handover.md","5. What Is Not Complete","2. Launch evidence file and secure administration setup: must be completed before applications open.","Historical / Superseded","Administrative","Move to archive/reference","","","Leave as reference unless final issue pack excludes historical material.","Keep"
"DEC-885","02_operations/EDrill_Family_Bursary_Completion_Audit_and_Handover.md","5. What Is Not Complete","3. Conflict-of-interest and confidentiality declarations: required before Committee review/decision activity.","Historical / Superseded","Administrative","Move to archive/reference","","","Leave as reference unless final issue pack excludes historical material.","Keep"
"DEC-886","02_operations/EDrill_Family_Bursary_Completion_Audit_and_Handover.md","5. What Is Not Complete","6. Publication: no external announcement should be made yet.","Historical / Superseded","Administrative","Move to archive/reference","","","Leave as reference unless final issue pack excludes historical material.","Keep"
"DEC-887","02_operations/EDrill_Family_Bursary_Completion_Audit_and_Handover.md","5. What Is Not Complete","7. Applications: no applications should be opened yet.","Historical / Superseded","Administrative","Move to archive/reference","","","Leave as reference unless final issue pack excludes historical material.","Keep"
"DEC-888","02_operations/EDrill_Family_Bursary_Completion_Audit_and_Handover.md","5. What Is Not Complete","8. Awards: no award commitment or payment should be made yet.","Historical / Superseded","Administrative","Move to archive/reference","","","Leave as reference unless final issue pack excludes historical material.","Keep"
"DEC-889","02_operations/EDrill_Family_Bursary_Completion_Audit_and_Handover.md","6. Critical Assumptions to Challenge","These assumptions should be tested before launch:","Historical / Superseded","Administrative","Move to archive/reference","","","Leave as reference unless final issue pack excludes historical material.","Keep"
"DEC-890","02_operations/EDrill_Family_Bursary_Completion_Audit_and_Handover.md","6. Critical Assumptions to Challenge","It may be acceptable, but the wording and process matter. The scheme should not imply labour-hire agency staff are EDrill employees or create unintended employment, agency, benefit, or co-employment signals.","Historical / Superseded","Administrative","Move to archive/reference","","","Leave as reference unless final issue pack excludes historical material.","Keep"
"DEC-891","02_operations/EDrill_Family_Bursary_Completion_Audit_and_Handover.md","7. Recommended Approval Sequence","5. Complete conflict-of-interest and confidentiality declarations before review/decision activity.","Historical / Superseded","Administrative","Move to archive/reference","","","Leave as reference unless final issue pack excludes historical material.","Keep"
"DEC-892","02_operations/EDrill_Family_Bursary_Completion_Audit_and_Handover.md","7. Recommended Approval Sequence","9. Open applications only after the checklist supports launch.","Historical / Superseded","Administrative","Move to archive/reference","","","Leave as reference unless final issue pack excludes historical material.","Keep"
"DEC-893","02_operations/EDrill_Family_Bursary_Completion_Audit_and_Handover.md","8. Do Not Do Before Approval","Before the launch checklist is closed, do not:","Historical / Superseded","Administrative","Move to archive/reference","","","Leave as reference unless final issue pack excludes historical material.","Keep"
"DEC-894","02_operations/EDrill_Family_Bursary_Completion_Audit_and_Handover.md","8. Do Not Do Before Approval","3. Open applications.","Historical / Superseded","Administrative","Move to archive/reference","","","Leave as reference unless final issue pack excludes historical material.","Keep"
"DEC-895","02_operations/EDrill_Family_Bursary_Completion_Audit_and_Handover.md","9. Operational Readiness Rating","| Communications readiness | Amber | Drafts exist but should not be issued yet. |","Historical / Superseded","Administrative","Move to archive/reference","Final communications still need pre-publication check.","","Leave as reference unless final issue pack excludes historical material.","Keep"
"DEC-896","02_operations/EDrill_Family_Bursary_Completion_Audit_and_Handover.md","10. Immediate Next Actions","Recommended next three actions:","Historical / Superseded","Administrative","Move to archive/reference","","","Leave as reference unless final issue pack excludes historical material.","Keep"
"DEC-897","02_operations/EDrill_Family_Bursary_Completion_Audit_and_Handover.md","10. Immediate Next Actions","1. Circulate the updated README, Decision Log, Document Register, and Launch Approval Checklist to Executive Sponsor, Bangkok HR, Finance, Committee, and Operations.","Historical / Superseded","Administrative","Move to archive/reference","","","Leave as reference unless final issue pack excludes historical material.","Keep"
"DEC-898","02_operations/EDrill_Family_Bursary_Completion_Audit_and_Handover.md","10. Immediate Next Actions","2. Complete launch evidence/admin setup, agency acknowledgement if applicable, and conflict/confidentiality declarations.","Historical / Superseded","Administrative","Move to archive/reference","","","Leave as reference unless final issue pack excludes historical material.","Keep"
"DEC-899","02_operations/EDrill_Family_Bursary_Completion_Audit_and_Handover.md","10. Immediate Next Actions","3. After checklist approvals are recorded, revise draft documents to issue versions and then open the internal launch process.","Historical / Superseded","Administrative","Move to archive/reference","","","Leave as reference unless final issue pack excludes historical material.","Keep"
"DEC-900","comms/approved/README.md","Approved Communications","Nothing should be placed in this folder until the final pre-publication check is complete.","Approval Evidence Needed","Administrative","Convert to approval evidence item","Final communications still need pre-publication check.","What evidence, approver, and completion date should be recorded for this item?","Record completion evidence or keep as launch gate.","Needs Committee Approval"
"DEC-901","comms/drafts/EDrill_Family_Bursary_Employee_FAQ_DRAFT.md","The EDrill Family Bursary - Employee FAQ","Important: do not issue until eligibility, privacy, payment, and application dates are approved.","Warning / Control Text","Administrative","Keep as warning/control","","","Leave unchanged unless final policy tone requires shortening.","Keep"
"DEC-902","comms/drafts/EDrill_Family_Bursary_Employee_FAQ_DRAFT.md","2. Is the Bursary guaranteed?","No. The Bursary is discretionary, limited, and subject to eligibility, evidence, available places, budget, and annual review.","Approval Evidence Needed","Administrative","Convert to approval evidence item","","What evidence, approver, and completion date should be recorded for this item?","Record completion evidence or keep as launch gate.","Needs Finance/Admin Evidence"
"DEC-903","comms/drafts/EDrill_Family_Bursary_Employee_FAQ_DRAFT.md","5. Are private schools included?","Government and private schools in Thailand are provisionally included, subject to the approved rules and evidence requirements.","Approval Evidence Needed","Administrative","Convert to approval evidence item","","What evidence, approver, and completion date should be recorded for this item?","Record completion evidence or keep as launch gate.","Needs Finance/Admin Evidence"
"DEC-904","comms/drafts/EDrill_Family_Bursary_Employee_FAQ_DRAFT.md","7. What costs may be covered?","Provisional eligible costs include tuition, compulsory school fees, textbooks, uniforms, and required school materials. The final eligible costs will be confirmed before applications open.","Approval Evidence Needed","Administrative","Convert to approval evidence item","","What evidence, approver, and completion date should be recorded for this item?","Record completion evidence or keep as launch gate.","Needs Committee Approval"
"DEC-905","comms/drafts/EDrill_Family_Bursary_Employee_FAQ_DRAFT.md","8. How much is the Bursary?","The Phase 1 EDrill employee award value is up to THB 120,000 per awardee per Award Year. The labour-hire category, if applicable, is up to THB 8,000 per month, paid quarterly.","Wording Choice","Minor","Decide","","Which wording or option should be retained in the final issue version?","Remove alternatives and retain the selected wording.","Needs Alex Decision"
"DEC-906","comms/drafts/EDrill_Family_Bursary_Employee_FAQ_DRAFT.md","10. Will the payment be taxable?","Bursary payments are tax liable to the recipient. Recipients are responsible for their own tax position. Payments must not be described as tax-free or non-taxable.","Warning / Control Text","Administrative","Keep as warning/control","Bursary payments are tax liable to the recipient; recipient handles their own tax position.","","Leave unchanged unless final policy tone requires shortening.","Keep"
"DEC-907","comms/drafts/EDrill_Family_Bursary_Employee_FAQ_DRAFT.md","13. Is renewal automatic?","No. There is no automatic renewal and no automatic renewal priority. Each award year is a reset. Existing recipients may reapply and will be assessed under the same criteria as other applicants, subject to eligibility, available places, and annual approval.","Already Decided / Needs Propagation","Major","Replace with confirmed wording","Annual reset; no automatic renewal and no automatic renewal priority.","","Keep annual reset wording and remove renewal priority wording.","Already Answered"
"DEC-908","comms/drafts/EDrill_Family_Bursary_Employee_FAQ_DRAFT.md","15. Who should I contact?","Contact Bangkok HR: [name / email / phone]","Candidate for Deletion","Minor","Delete from final issue version","","Should this drafting placeholder be completed or removed before issue?","Complete placeholder or remove drafting note.","Remove Before Issue"
"DEC-909","comms/drafts/EDrill_Family_Bursary_Internal_Executive_Approval_Note_DRAFT.md","The EDrill Family Bursary - Internal Executive Approval Note","Purpose: record executive approval to proceed with the Phase 1 company-funded Bursary launch, subject to final document, launch administration, agency acknowledgement where applicable, and communications checks.","Approval Evidence Needed","Administrative","Convert to approval evidence item","Final communications still need pre-publication check.","What evidence, approver, and completion date should be recorded for this item?","Record completion evidence or keep as launch gate.","Needs Finance/Admin Evidence"
"DEC-910","comms/drafts/EDrill_Family_Bursary_Internal_Executive_Approval_Note_DRAFT.md","1. Decision Requested","Approval is also requested to continue preparing the document pack, application process, and communications, subject to final review by Finance/Payroll, HR, Operations, the Committee, and Communications.","Approval Evidence Needed","Administrative","Convert to approval evidence item","EDrill employee payments go through normal payroll into the employee bank account as a payslip line item.","What evidence, approver, and completion date should be recorded for this item?","Record completion evidence or keep as launch gate.","Needs Finance/Admin Evidence"
"DEC-911","comms/drafts/EDrill_Family_Bursary_Internal_Executive_Approval_Note_DRAFT.md","2. Proposed Launch Scope","| Intended first Award Year | From 1 October 2026, subject to approval |","Approval Evidence Needed","Administrative","Convert to approval evidence item","","What evidence, approver, and completion date should be recorded for this item?","Record completion evidence or keep as launch gate.","Needs Committee Approval"
"DEC-912","comms/drafts/EDrill_Family_Bursary_Internal_Executive_Approval_Note_DRAFT.md","3. Key Controls","- labour-hire agency acknowledgement, if applicable;","Wording Choice","Minor","Decide","","Which wording or option should be retained in the final issue version?","Remove alternatives and retain the selected wording.","Needs Alex Decision"
"DEC-913","comms/drafts/EDrill_Family_Bursary_Internal_Executive_Approval_Note_DRAFT.md","3. Key Controls","- conflict-of-interest and confidentiality declarations before Committee review/decision activity;","Warning / Control Text","Administrative","Keep as warning/control","","","Leave unchanged unless final policy tone requires shortening.","Keep"
"DEC-914","comms/drafts/EDrill_Family_Bursary_Internal_Executive_Approval_Note_DRAFT.md","5. Items Requiring Executive Decision","| Decision | Proposed position | Approved / comments |","Decision Needed","Minor","Decide","","Should this advisory or decision-like wording remain in the final issue version?","Update affected document after Alex/Committee answer.","Needs Alex Decision"
"DEC-915","comms/drafts/EDrill_Family_Bursary_Internal_Executive_Approval_Note_DRAFT.md","5. Items Requiring Executive Decision","| Confirm labour-hire agency inclusion | Include eligible employees of the appointed labour-hire agency at the time of application who are assigned to EDrill rigs, subject to practical agency acknowledgement | |","Approval Evidence Needed","Administrative","Convert to approval evidence item","Use: eligible employees of the appointed labour-hire agency at the time of application who are assigned to EDrill rigs.","What evidence, approver, and completion date should be recorded for this item?","Record completion evidence or keep as launch gate.","Needs Finance/Admin Evidence"
"DEC-916","comms/drafts/EDrill_Family_Bursary_Internal_Launch_Message_DRAFT.md","The EDrill Family Bursary - Internal Launch Message","Important: do not issue until the Bursary Charter, Procedure, privacy notice, payment route, and application process are approved.","Warning / Control Text","Administrative","Keep as warning/control","","","Leave unchanged unless final policy tone requires shortening.","Keep"
"DEC-917","comms/drafts/EDrill_Family_Bursary_Internal_Launch_Message_DRAFT.md","Draft Message","The Bursary is intended to assist with approved schooling costs for eligible children, subject to the approved criteria, available bursary places, and annual review.","Approval Evidence Needed","Administrative","Convert to approval evidence item","","What evidence, approver, and completion date should be recorded for this item?","Record completion evidence or keep as launch gate.","Needs Committee Approval"
"DEC-918","comms/drafts/EDrill_Family_Bursary_Internal_Launch_Message_DRAFT.md","Draft Message","[Name]","Candidate for Deletion","Minor","Delete from final issue version","","Should this drafting placeholder be completed or removed before issue?","Complete placeholder or remove drafting note.","Remove Before Issue"
"DEC-919","comms/drafts/EDrill_Family_Bursary_LinkedIn_Post_DRAFT.md","The EDrill Family Bursary - LinkedIn Post","Important: do not publish until the final Chairman/Committee/Communications pre-publication check is complete. Do not add donation, fundraising, charity, foundation, society, ROS, tax-free, non-taxable, guaranteed entitlement, or beneficiary-identifying language unless separately approved with specific consent where required.","Approval Evidence Needed","Administrative","Convert to approval evidence item","No ROS activation and no fundraising in Phase 1.","What evidence, approver, and completion date should be recorded for this item?","Record completion evidence or keep as launch gate.","Needs Committee Approval"
"DEC-920","comms/drafts/EDrill_Family_Bursary_Manager_Rig_Communication_Note_DRAFT.md","1. Purpose","Managers should not make promises about eligibility, award outcomes, payment timing, renewal, or exceptions. All formal questions should be referred to Bangkok HR.","Already Decided / Needs Propagation","Minor","No action","Annual reset; no automatic renewal and no automatic renewal priority.","","Leave unchanged if wording already reflects known decision.","Already Answered"
"DEC-921","comms/drafts/EDrill_Family_Bursary_Manager_Rig_Communication_Note_DRAFT.md","2. Key Message","It is intended to support approved schooling costs for eligible children, subject to criteria, evidence, available places, and annual review.","Approval Evidence Needed","Administrative","Convert to approval evidence item","","What evidence, approver, and completion date should be recorded for this item?","Record completion evidence or keep as launch gate.","Needs Finance/Admin Evidence"
"DEC-922","comms/drafts/EDrill_Family_Bursary_Manager_Rig_Communication_Note_DRAFT.md","3. What Managers May Say","- Questions should be directed to Bangkok HR.","Decision Needed","Minor","Decide","","Should this advisory or decision-like wording remain in the final issue version?","Update affected document after Alex/Committee answer.","Needs Alex Decision"
"DEC-923","comms/drafts/EDrill_Family_Bursary_Manager_Rig_Communication_Note_DRAFT.md","4. What Managers Must Not Say","Managers must not say:","Warning / Control Text","Administrative","Keep as warning/control","","","Leave unchanged unless final policy tone requires shortening.","Keep"
"DEC-924","comms/drafts/EDrill_Family_Bursary_Manager_Rig_Communication_Note_DRAFT.md","5. Labour-Hire Agency Wording","or: > eligible contractor personnel assigned to EDrill rigs","Wording Choice","Minor","Decide","","Which wording or option should be retained in the final issue version?","Remove alternatives and retain the selected wording.","Needs Alex Decision"
"DEC-925","comms/drafts/EDrill_Family_Bursary_Manager_Rig_Communication_Note_DRAFT.md","5. Labour-Hire Agency Wording","Do not describe labour-hire agency personnel as ""our employees"".","Warning / Control Text","Administrative","Keep as warning/control","","","Leave unchanged unless final policy tone requires shortening.","Keep"
"DEC-926","comms/drafts/EDrill_Family_Bursary_Manager_Rig_Communication_Note_DRAFT.md","7. Contact","Bangkok HR contact: [name / email / phone]","Candidate for Deletion","Minor","Delete from final issue version","","Should this drafting placeholder be completed or removed before issue?","Complete placeholder or remove drafting note.","Remove Before Issue"
"DEC-927","README.md","Folder Structure","│ ├── open-questions/","Approval Evidence Needed","Administrative","Convert to approval evidence item","","What evidence, approver, and completion date should be recorded for this item?","Record completion evidence or keep as launch gate.","Needs Committee Approval"
"DEC-928","README.md","Key Contacts","- Committee Secretary: [Name / role to be confirmed]","Candidate for Deletion","Minor","Delete from final issue version","Phase 1 Committee is confirmed: Alex Maroske, Jacquline Ho, Malee Pasutharnchart, Luke Byrne, Sittikorn Intahkaew.","Should this drafting placeholder be completed or removed before issue?","Complete placeholder or remove drafting note.","Remove Before Issue"
"DEC-929","README.md","Key Contacts","- HR Contact: [Name / role to be confirmed]","Candidate for Deletion","Minor","Delete from final issue version","","Should this drafting placeholder be completed or removed before issue?","Complete placeholder or remove drafting note.","Remove Before Issue"
"DEC-930","README.md","Key Contacts","- Finance Contact: [Name / role to be confirmed]","Candidate for Deletion","Minor","Delete from final issue version","","Should this drafting placeholder be completed or removed before issue?","Complete placeholder or remove drafting note.","Remove Before Issue"
"DEC-931","templates/EDrill_Family_Bursary_Appeal_Exception_Request_Form_DRAFT.md","The EDrill Family Bursary - Appeal / Exception Request Form","Important: appeals and exceptions are limited. This form does not create an entitlement to an award.","Warning / Control Text","Administrative","Keep as warning/control","Appeals go to the Chairman of the Committee.","","Leave unchanged unless final policy tone requires shortening.","Keep"
"DEC-932","templates/EDrill_Family_Bursary_Appeal_Exception_Request_Form_DRAFT.md","The EDrill Family Bursary - Appeal / Exception Request Form","Appeals should be addressed to the Chairman of the Committee for review.","Already Decided / Needs Propagation","Minor","No action","Appeals go to the Chairman of the Committee.","","Leave unchanged if wording already reflects known decision.","Already Answered"
"DEC-933","templates/EDrill_Family_Bursary_Appeal_Exception_Request_Form_DRAFT.md","1. Request Details","| Date of original decision | |","Decision Needed","Minor","Decide","","Should this advisory or decision-like wording remain in the final issue version?","Update affected document after Alex/Committee answer.","Needs Alex Decision"
"DEC-934","templates/EDrill_Family_Bursary_Appeal_Exception_Request_Form_DRAFT.md","2. Grounds","Appeals should not be used only to challenge a properly applied scoring outcome or the limited number of bursary places.","Already Decided / Needs Propagation","Minor","No action","Appeals go to the Chairman of the Committee.","","Leave unchanged if wording already reflects known decision.","Already Answered"
"DEC-935","templates/EDrill_Family_Bursary_Appeal_Exception_Request_Form_DRAFT.md","5. Applicant Declaration","I confirm that the information provided in this request is true and accurate. I understand that submission of this request does not guarantee a change in decision or an award.","Decision Needed","Minor","Decide","","Should this advisory or decision-like wording remain in the final issue version?","Update affected document after Alex/Committee answer.","Needs Alex Decision"
"DEC-936","templates/EDrill_Family_Bursary_Appeal_Exception_Request_Form_DRAFT.md","6. HR Initial Review","| New evidence attached, if applicable | Yes / No / N/A |","Wording Choice","Minor","Decide","","Which wording or option should be retained in the final issue version?","Remove alternatives and retain the selected wording.","Needs Alex Decision"
"DEC-937","templates/EDrill_Family_Bursary_Appeal_Exception_Request_Form_DRAFT.md","7. Appeal / Exception Review Outcome","| Original decision upheld | |","Decision Needed","Minor","Decide","","Should this advisory or decision-like wording remain in the final issue version?","Update affected document after Alex/Committee answer.","Needs Alex Decision"
"DEC-938","templates/EDrill_Family_Bursary_Appeal_Exception_Request_Form_DRAFT.md","7. Appeal / Exception Review Outcome","| Original decision changed | |","Decision Needed","Minor","Decide","","Should this advisory or decision-like wording remain in the final issue version?","Update affected document after Alex/Committee answer.","Needs Alex Decision"
"DEC-939","templates/EDrill_Family_Bursary_Award_Letter_Template_DRAFT.md","The EDrill Family Bursary - Award Letter Template","Important: this template reflects the approved Phase 1 payroll/payment and internal compliance positions. It remains a draft template and must not be issued until the relevant award approval record and final document checks are complete.","Warning / Control Text","Administrative","Keep as warning/control","EDrill employee payments go through normal payroll into the employee bank account as a payslip line item.","","Leave unchanged unless final policy tone requires shortening.","Keep"
"DEC-940","templates/EDrill_Family_Bursary_Award_Letter_Template_DRAFT.md","Template","[Date]","Candidate for Deletion","Minor","Delete from final issue version","","Should this drafting placeholder be completed or removed before issue?","Complete placeholder or remove drafting note.","Remove Before Issue"
"DEC-941","templates/EDrill_Family_Bursary_Award_Letter_Template_DRAFT.md","Template","Dear [Applicant Name],","Decision Needed","Minor","Decide","","Should this advisory or decision-like wording remain in the final issue version?","Update affected document after Alex/Committee answer.","Needs Alex Decision"
"DEC-942","templates/EDrill_Family_Bursary_Award_Letter_Template_DRAFT.md","Template","We are pleased to inform you that your application for The EDrill Family Bursary for [Child Name / Application Reference] has been approved for the [Award Year] Award Year, subject to the conditions below.","Approval Evidence Needed","Administrative","Convert to approval evidence item","","What evidence, approver, and completion date should be recorded for this item?","Record completion evidence or keep as launch gate.","Needs Committee Approval"
"DEC-943","templates/EDrill_Family_Bursary_Award_Letter_Template_DRAFT.md","1. Award Details","| Award Year | [Award Year] |","Decision Needed","Minor","Decide","","Should this advisory or decision-like wording remain in the final issue version?","Update affected document after Alex/Committee answer.","Needs Alex Decision"
"DEC-944","templates/EDrill_Family_Bursary_Award_Letter_Template_DRAFT.md","1. Award Details","| Approved maximum amount | THB [amount] |","Candidate for Deletion","Minor","Delete from final issue version","","Should this drafting placeholder be completed or removed before issue?","Complete placeholder or remove drafting note.","Remove Before Issue"
"DEC-945","templates/EDrill_Family_Bursary_Award_Letter_Template_DRAFT.md","1. Award Details","| Payment route | [EDrill employee payroll-session bank payment / labour-hire agency onward payment / other approved route] |","Already Decided / Needs Propagation","Minor","No action","EDrill employee payments go through normal payroll into the employee bank account as a payslip line item.","","Leave unchanged if wording already reflects known decision.","Already Answered"
"DEC-946","templates/EDrill_Family_Bursary_Award_Letter_Template_DRAFT.md","1. Award Details","| Eligible expenses | [Tuition / compulsory school fees / textbooks / uniforms / required materials / other approved] |","Decision Needed","Minor","Decide","","Should this advisory or decision-like wording remain in the final issue version?","Update affected document after Alex/Committee answer.","Needs Alex Decision"
"DEC-947","templates/EDrill_Family_Bursary_Award_Letter_Template_DRAFT.md","1. Award Details","The Bursary will only support approved education-related costs supported by the required evidence. Payments will not exceed the approved award value unless a written exception is approved.","Warning / Control Text","Administrative","Keep as warning/control","","","Leave unchanged unless final policy tone requires shortening.","Keep"
"DEC-948","templates/EDrill_Family_Bursary_Award_Letter_Template_DRAFT.md","2. Conditions","This award is subject to:","Approval Evidence Needed","Administrative","Convert to approval evidence item","","What evidence, approver, and completion date should be recorded for this item?","Record completion evidence or keep as launch gate.","Needs Committee Approval"
"DEC-949","templates/EDrill_Family_Bursary_Award_Letter_Template_DRAFT.md","2. Conditions","For EDrill employees, approved awards are paid into the recipient employee's bank account through the normal payroll session and added as a line item on the employee's payslip. Any Bursary payment will be processed subject to applicable tax, payroll, withholding, reporting, accounting, and internal control requirements. The Company may deduct, withhold, r...","Approval Evidence Needed","Administrative","Convert to approval evidence item","EDrill employee payments go through normal payroll into the employee bank account as a payslip line item.","What evidence, approver, and completion date should be recorded for this item?","Record completion evidence or keep as launch gate.","Needs Finance/Admin Evidence"
"DEC-950","templates/EDrill_Family_Bursary_Award_Letter_Template_DRAFT.md","3. Renewal","This award applies to the stated Award Year only. There is no automatic renewal and no automatic renewal priority. Each award year is a reset. Existing recipients may reapply and will be assessed under the same criteria as other applicants, subject to eligibility, available places, and annual approval.","Already Decided / Needs Propagation","Major","Replace with confirmed wording","Annual reset; no automatic renewal and no automatic renewal priority.","","Keep annual reset wording and remove renewal priority wording.","Already Answered"
"DEC-951","templates/EDrill_Family_Bursary_Award_Letter_Template_DRAFT.md","6. Acceptance","[Name]","Candidate for Deletion","Minor","Delete from final issue version","","Should this drafting placeholder be completed or removed before issue?","Complete placeholder or remove drafting note.","Remove Before Issue"
"DEC-952","templates/EDrill_Family_Bursary_Committee_Conflict_and_Confidentiality_Declaration_TEMPLATE.md","The EDrill Family Bursary - Committee Conflict and Confidentiality Declaration","Use: To be completed by each Committee member before reviewing applications or taking part in any award decision.","Decision Needed","Minor","Decide","","Should this advisory or decision-like wording remain in the final issue version?","Update affected document after Alex/Committee answer.","Needs Alex Decision"
"DEC-953","templates/EDrill_Family_Bursary_Committee_Conflict_and_Confidentiality_Declaration_TEMPLATE.md","2. Confidentiality Undertaking","- use the information only for Bursary administration, review, and decision purposes;","Decision Needed","Minor","Decide","","Should this advisory or decision-like wording remain in the final issue version?","Update affected document after Alex/Committee answer.","Needs Alex Decision"
"DEC-954","templates/EDrill_Family_Bursary_Committee_Conflict_and_Confidentiality_Declaration_TEMPLATE.md","3. Child and Family Data Handling","- child names, identity documents, school details, family circumstances, and hardship information must not be discussed outside the approved Bursary process;","Warning / Control Text","Administrative","Keep as warning/control","","","Leave unchanged unless final policy tone requires shortening.","Keep"
"DEC-955","templates/EDrill_Family_Bursary_Committee_Conflict_and_Confidentiality_Declaration_TEMPLATE.md","3. Child and Family Data Handling","- Committee discussion should use application references and minimised information where practicable;","Decision Needed","Minor","Decide","","Should this advisory or decision-like wording remain in the final issue version?","Update affected document after Alex/Committee answer.","Needs Alex Decision"
"DEC-956","templates/EDrill_Family_Bursary_Committee_Conflict_and_Confidentiality_Declaration_TEMPLATE.md","3. Child and Family Data Handling","- raw salary data, child identity documents, and detailed family records should not be circulated unless needed for the approved review process;","Warning / Control Text","Administrative","Keep as warning/control","","","Leave unchanged unless final policy tone requires shortening.","Keep"
"DEC-957","templates/EDrill_Family_Bursary_Committee_Conflict_and_Confidentiality_Declaration_TEMPLATE.md","5. Recusal Obligation","- recuse myself from reviewing, discussing, scoring, or deciding any affected application unless the Committee Chair records a different approved approach;","Warning / Control Text","Administrative","Keep as warning/control","","","Leave unchanged unless final policy tone requires shortening.","Keep"
"DEC-958","templates/EDrill_Family_Bursary_Labour_Hire_Agency_Onward_Payment_Acknowledgement_TEMPLATE.md","2. Agency Acknowledgement","- no new burdensome process is required unless later requested by the Committee or Finance.","Warning / Control Text","Administrative","Keep as warning/control","","","Leave unchanged unless final policy tone requires shortening.","Keep"
"DEC-959","templates/EDrill_Family_Bursary_Unsuccessful_Application_Letter_DRAFT.md","The EDrill Family Bursary - Unsuccessful Application Letter","Important: this template should be reviewed by HR and the Committee before use.","Warning / Control Text","Administrative","Keep as warning/control","","","Leave unchanged unless final policy tone requires shortening.","Keep"
"DEC-960","templates/EDrill_Family_Bursary_Unsuccessful_Application_Letter_DRAFT.md","Template","[Date]","Candidate for Deletion","Minor","Delete from final issue version","","Should this drafting placeholder be completed or removed before issue?","Complete placeholder or remove drafting note.","Remove Before Issue"
"DEC-961","templates/EDrill_Family_Bursary_Unsuccessful_Application_Letter_DRAFT.md","Template","Dear [Applicant Name],","Decision Needed","Minor","Decide","","Should this advisory or decision-like wording remain in the final issue version?","Update affected document after Alex/Committee answer.","Needs Alex Decision"
"DEC-962","templates/EDrill_Family_Bursary_Unsuccessful_Application_Letter_DRAFT.md","Template","Thank you for applying for The EDrill Family Bursary for the [Award Year] Award Year.","Decision Needed","Minor","Decide","","Should this advisory or decision-like wording remain in the final issue version?","Update affected document after Alex/Committee answer.","Needs Alex Decision"
"DEC-963","templates/EDrill_Family_Bursary_Unsuccessful_Application_Letter_DRAFT.md","Template","Eligibility for the Bursary does not guarantee an award, as places are limited and awards are subject to the approved rules, available funding, and committee review.","Approval Evidence Needed","Administrative","Convert to approval evidence item","","What evidence, approver, and completion date should be recorded for this item?","Record completion evidence or keep as launch gate.","Needs Committee Approval"
"DEC-964","templates/EDrill_Family_Bursary_Unsuccessful_Application_Letter_DRAFT.md","Template","[Name]","Candidate for Deletion","Minor","Delete from final issue version","","Should this drafting placeholder be completed or removed before issue?","Complete placeholder or remove drafting note.","Remove Before Issue"
